-- MySQL dump 10.13  Distrib 8.0.21, for Linux (x86_64)
--
-- Host: localhost    Database: vk
-- ------------------------------------------------------
-- Server version	8.0.21-0ubuntu0.20.04.4

/*!40101 SET @OLD_CHARACTER_SET_CLIENT=@@CHARACTER_SET_CLIENT */;
/*!40101 SET @OLD_CHARACTER_SET_RESULTS=@@CHARACTER_SET_RESULTS */;
/*!40101 SET @OLD_COLLATION_CONNECTION=@@COLLATION_CONNECTION */;
/*!50503 SET NAMES utf8mb4 */;
/*!40103 SET @OLD_TIME_ZONE=@@TIME_ZONE */;
/*!40103 SET TIME_ZONE='+00:00' */;
/*!40014 SET @OLD_UNIQUE_CHECKS=@@UNIQUE_CHECKS, UNIQUE_CHECKS=0 */;
/*!40014 SET @OLD_FOREIGN_KEY_CHECKS=@@FOREIGN_KEY_CHECKS, FOREIGN_KEY_CHECKS=0 */;
/*!40101 SET @OLD_SQL_MODE=@@SQL_MODE, SQL_MODE='NO_AUTO_VALUE_ON_ZERO' */;
/*!40111 SET @OLD_SQL_NOTES=@@SQL_NOTES, SQL_NOTES=0 */;

--
-- Table structure for table `communities`
--

DROP TABLE IF EXISTS `communities`;
/*!40101 SET @saved_cs_client     = @@character_set_client */;
/*!50503 SET character_set_client = utf8mb4 */;
CREATE TABLE `communities` (
  `id` int unsigned NOT NULL AUTO_INCREMENT COMMENT 'Идентификатор сроки',
  `name` varchar(150) CHARACTER SET utf8 COLLATE utf8_unicode_ci NOT NULL COMMENT 'Название группы',
  `created_at` datetime DEFAULT CURRENT_TIMESTAMP COMMENT 'Время создания строки',
  `updated_at` datetime DEFAULT CURRENT_TIMESTAMP ON UPDATE CURRENT_TIMESTAMP COMMENT 'Время обновления строки',
  PRIMARY KEY (`id`),
  UNIQUE KEY `name` (`name`)
) ENGINE=InnoDB AUTO_INCREMENT=61 DEFAULT CHARSET=utf8 COLLATE=utf8_unicode_ci COMMENT='Группы';
/*!40101 SET character_set_client = @saved_cs_client */;

--
-- Dumping data for table `communities`
--

LOCK TABLES `communities` WRITE;
/*!40000 ALTER TABLE `communities` DISABLE KEYS */;
INSERT INTO `communities` VALUES (1,'omnis','2018-01-12 18:29:41','2018-08-11 00:27:34'),(2,'commodi','2013-03-21 18:23:09','2014-04-27 06:03:23'),(3,'enim','2014-07-08 23:13:18','2011-12-31 18:05:14'),(4,'consequatur','2020-07-20 03:22:04','2014-05-21 14:45:24'),(5,'atque','2015-12-21 03:55:28','2016-08-27 06:44:49'),(6,'qui','2015-06-05 17:12:48','2018-01-01 13:38:04'),(7,'excepturi','2010-08-23 03:53:44','2011-05-24 16:37:50'),(8,'ut','2014-05-14 21:36:12','2010-08-31 08:17:44'),(9,'rem','2013-12-13 22:01:18','2014-10-01 07:12:05'),(10,'ex','2010-10-16 21:35:42','2013-01-07 16:29:00'),(11,'fugiat','2011-06-09 03:06:22','2016-03-09 07:24:55'),(12,'ipsum','2017-04-22 07:16:18','2018-09-01 21:08:12'),(13,'est','2011-07-17 23:43:46','2011-04-03 22:50:26'),(14,'eos','2012-03-14 23:26:40','2020-07-14 23:05:37'),(15,'voluptatum','2017-04-07 22:00:12','2014-07-14 14:14:54'),(16,'in','2014-09-23 02:08:46','2014-07-11 11:45:26'),(17,'fuga','2016-09-16 08:23:29','2020-01-02 14:40:27'),(18,'non','2011-08-19 23:28:42','2014-05-16 11:29:15'),(19,'vel','2010-11-22 19:50:37','2020-07-16 00:48:10'),(20,'sed','2019-08-05 10:47:43','2016-06-26 05:57:45');
/*!40000 ALTER TABLE `communities` ENABLE KEYS */;
UNLOCK TABLES;

--
-- Table structure for table `communities_users`
--

DROP TABLE IF EXISTS `communities_users`;
/*!40101 SET @saved_cs_client     = @@character_set_client */;
/*!50503 SET character_set_client = utf8mb4 */;
CREATE TABLE `communities_users` (
  `community_id` int unsigned NOT NULL COMMENT 'Ссылка на группу',
  `user_id` int unsigned NOT NULL COMMENT 'Ссылка на пользователя',
  `created_at` datetime DEFAULT CURRENT_TIMESTAMP COMMENT 'Время создания строки',
  PRIMARY KEY (`community_id`,`user_id`) COMMENT 'Составной первичный ключ'
) ENGINE=InnoDB DEFAULT CHARSET=utf8 COLLATE=utf8_unicode_ci COMMENT='Участники групп, связь между пользователями и группами';
/*!40101 SET character_set_client = @saved_cs_client */;

--
-- Dumping data for table `communities_users`
--

LOCK TABLES `communities_users` WRITE;
/*!40000 ALTER TABLE `communities_users` DISABLE KEYS */;
INSERT INTO `communities_users` VALUES (1,24,'2017-11-07 23:00:34'),(1,39,'2018-12-28 19:38:27'),(1,73,'2020-07-14 19:36:56'),(1,91,'2015-01-17 05:45:04'),(2,17,'2013-06-28 20:12:17'),(2,92,'2018-09-18 01:56:18'),(3,3,'2017-04-23 16:06:24'),(3,4,'2013-11-08 10:35:15'),(3,36,'2016-05-11 02:00:27'),(3,40,'2011-08-26 13:37:47'),(3,47,'2012-05-03 19:14:06'),(3,58,'2012-04-30 06:58:57'),(3,99,'2019-06-16 04:06:28'),(4,2,'2012-12-15 01:11:36'),(4,6,'2017-05-17 00:16:52'),(4,8,'2010-12-04 07:28:57'),(4,45,'2017-10-06 06:12:19'),(4,48,'2012-11-18 11:04:11'),(4,77,'2015-04-11 02:27:26'),(4,78,'2013-10-15 11:27:58'),(4,94,'2017-06-19 08:02:06'),(5,7,'2018-01-09 01:37:50'),(5,63,'2013-11-04 05:29:16'),(5,64,'2014-04-19 01:55:30'),(5,95,'2013-02-03 00:57:17'),(6,9,'2011-08-10 05:15:51'),(6,54,'2011-01-15 07:55:59'),(6,57,'2011-10-30 13:26:15'),(6,68,'2016-10-11 11:35:55'),(6,85,'2012-07-10 11:51:23'),(6,88,'2019-02-22 10:48:46'),(7,20,'2016-04-13 06:52:25'),(7,53,'2014-01-07 02:12:17'),(8,23,'2017-06-22 18:58:43'),(8,71,'2012-01-11 12:39:21'),(8,81,'2011-11-17 18:37:53'),(9,5,'2019-08-03 03:46:36'),(9,10,'2011-06-24 14:26:51'),(9,31,'2018-02-22 07:16:25'),(9,32,'2012-04-17 15:46:37'),(9,37,'2019-06-29 00:30:59'),(9,49,'2011-06-19 16:46:49'),(9,50,'2016-03-16 08:08:32'),(9,79,'2012-12-14 14:21:55'),(9,84,'2014-12-20 10:21:54'),(9,89,'2011-07-05 19:20:11'),(10,25,'2011-12-16 05:15:26'),(10,62,'2010-08-29 04:06:34'),(11,55,'2017-10-23 12:39:44'),(11,60,'2015-05-17 03:47:34'),(11,65,'2012-08-18 04:34:30'),(11,66,'2020-06-18 11:34:34'),(11,67,'2019-05-05 02:47:54'),(11,76,'2013-12-10 23:34:18'),(11,80,'2016-03-30 18:56:10'),(11,96,'2017-11-15 08:32:43'),(11,100,'2011-04-21 17:39:55'),(12,19,'2015-05-27 16:36:29'),(12,42,'2015-03-10 09:57:48'),(12,43,'2011-04-14 13:15:32'),(12,51,'2018-03-20 18:13:16'),(12,75,'2015-04-29 05:16:59'),(12,90,'2011-02-16 20:49:41'),(12,98,'2019-02-17 17:15:20'),(13,11,'2012-08-01 02:59:33'),(13,14,'2019-03-16 13:51:21'),(13,18,'2017-02-08 00:43:41'),(13,52,'2017-09-19 15:13:13'),(13,69,'2017-12-23 07:06:06'),(13,70,'2017-06-06 16:01:43'),(13,93,'2018-11-20 19:04:15'),(14,15,'2018-03-07 09:02:32'),(14,35,'2020-02-06 04:50:10'),(14,72,'2011-04-18 19:42:14'),(14,82,'2010-11-10 20:27:22'),(15,30,'2017-07-12 19:25:37'),(15,97,'2018-03-13 15:45:26'),(16,21,'2016-06-06 00:50:24'),(16,27,'2019-09-10 14:47:33'),(16,29,'2011-06-01 20:54:32'),(16,34,'2018-05-17 22:22:42'),(16,46,'2019-09-05 16:57:54'),(17,13,'2019-03-05 02:57:45'),(17,56,'2011-01-10 02:28:28'),(17,61,'2019-11-14 09:31:41'),(17,74,'2012-01-30 23:41:31'),(18,12,'2019-05-02 20:20:56'),(18,28,'2011-02-26 04:12:02'),(18,44,'2014-10-25 17:10:44'),(18,59,'2018-12-10 20:44:51'),(18,83,'2012-03-05 18:25:09'),(18,86,'2012-07-22 16:44:21'),(18,87,'2019-10-17 14:48:41'),(19,16,'2018-10-04 13:55:27'),(19,22,'2018-12-22 03:35:33'),(19,26,'2017-07-24 05:46:48'),(19,41,'2014-10-02 09:30:08'),(20,1,'2019-09-11 16:36:03'),(20,33,'2020-05-16 07:38:08'),(20,38,'2018-03-17 13:54:53');
/*!40000 ALTER TABLE `communities_users` ENABLE KEYS */;
UNLOCK TABLES;

--
-- Table structure for table `friendship`
--

DROP TABLE IF EXISTS `friendship`;
/*!40101 SET @saved_cs_client     = @@character_set_client */;
/*!50503 SET character_set_client = utf8mb4 */;
CREATE TABLE `friendship` (
  `user_id` int unsigned NOT NULL COMMENT 'Ссылка на инициатора дружеских отношений',
  `friend_id` int unsigned NOT NULL COMMENT 'Ссылка на получателя приглашения дружить',
  `status_id` int unsigned NOT NULL COMMENT 'Ссылка на статус (текущее состояние) отношений',
  `requested_at` datetime DEFAULT CURRENT_TIMESTAMP COMMENT 'Время отправления приглашения дружить',
  `confirmed_at` datetime DEFAULT NULL COMMENT 'Время подтверждения приглашения',
  `created_at` datetime DEFAULT CURRENT_TIMESTAMP COMMENT 'Время создания строки',
  `updated_at` datetime DEFAULT CURRENT_TIMESTAMP ON UPDATE CURRENT_TIMESTAMP COMMENT 'Время обновления строки',
  PRIMARY KEY (`user_id`,`friend_id`) COMMENT 'Составной первичный ключ'
) ENGINE=InnoDB DEFAULT CHARSET=utf8 COLLATE=utf8_unicode_ci COMMENT='Таблица дружбы';
/*!40101 SET character_set_client = @saved_cs_client */;

--
-- Dumping data for table `friendship`
--

LOCK TABLES `friendship` WRITE;
/*!40000 ALTER TABLE `friendship` DISABLE KEYS */;
INSERT INTO `friendship` VALUES (1,68,3,'2014-06-04 22:41:17','2019-08-12 14:27:43','2017-01-04 05:50:10','2020-08-27 14:31:21'),(2,30,3,'2015-10-06 22:04:16','2014-07-25 11:11:05','2018-07-12 18:13:18','2020-08-27 14:31:21'),(3,6,3,'2018-07-04 13:15:51','2017-01-14 19:11:44','2012-01-10 01:52:15','2019-08-08 19:00:57'),(4,53,1,'2020-02-09 04:54:20','2011-01-01 16:37:26','2014-04-28 11:44:03','2020-08-27 14:31:21'),(5,31,3,'2011-11-20 22:20:01','2015-04-02 14:52:02','2017-10-21 16:47:54','2020-08-27 14:31:21'),(6,72,3,'2017-09-10 14:20:02','2017-02-05 03:02:17','2012-08-28 17:53:45','2020-08-27 14:31:21'),(7,28,2,'2015-03-27 05:52:48','2020-03-18 23:57:38','2018-03-21 06:39:16','2020-08-27 14:27:36'),(8,31,2,'2019-09-09 19:17:26','2019-02-20 02:41:15','2016-07-28 14:17:06','2020-08-27 14:31:21'),(9,95,1,'2013-12-10 17:49:26','2010-09-21 13:11:32','2016-08-31 15:53:32','2020-08-27 14:31:21'),(10,81,3,'2010-10-27 15:58:16','2016-10-27 16:12:28','2014-04-29 06:55:48','2020-08-27 14:31:21'),(11,39,3,'2017-02-20 00:33:17','2017-03-02 23:25:08','2016-06-10 04:18:22','2020-08-27 14:31:21'),(12,48,3,'2013-12-05 09:36:58','2017-04-21 16:52:49','2015-03-21 18:14:16','2020-08-27 14:31:21'),(13,5,3,'2014-11-07 13:08:56','2015-12-06 14:28:02','2012-11-05 20:03:17','2020-08-27 14:27:36'),(14,8,2,'2019-10-12 14:10:30','2017-10-14 00:21:44','2018-05-10 16:07:00','2020-08-27 14:31:21'),(15,100,3,'2011-04-11 04:43:29','2019-03-28 13:33:42','2016-02-02 01:50:56','2020-08-27 14:31:21'),(16,29,1,'2016-12-06 09:34:17','2016-12-17 19:05:18','2011-05-06 13:03:23','2020-08-27 14:27:36'),(17,22,3,'2017-10-06 11:39:27','2015-06-06 06:05:01','2017-04-12 02:10:38','2020-08-27 14:31:21'),(18,3,3,'2011-08-14 21:06:55','2019-10-07 22:46:35','2015-03-23 13:28:15','2020-08-27 14:27:36'),(19,3,1,'2011-12-16 18:31:36','2011-01-29 12:25:34','2011-03-20 22:52:39','2020-08-27 14:31:21'),(20,1,2,'2013-06-24 08:20:09','2017-09-18 20:54:50','2019-07-25 18:20:46','2020-08-27 14:31:21'),(21,93,1,'2016-03-31 21:27:39','2013-03-02 10:52:37','2016-04-13 10:29:59','2020-08-27 14:26:42'),(22,68,3,'2016-11-26 02:04:00','2015-08-04 02:05:10','2015-08-16 03:39:11','2020-08-27 14:31:21'),(23,51,2,'2015-09-04 00:23:32','2014-07-29 22:07:02','2012-12-31 16:46:32','2020-08-27 14:31:21'),(24,29,2,'2018-01-18 17:03:59','2013-03-22 04:45:51','2014-06-13 04:34:25','2020-08-27 14:31:21'),(25,73,1,'2010-11-21 08:52:39','2012-06-18 11:10:58','2010-12-13 05:26:33','2020-08-27 14:31:21'),(26,56,3,'2010-12-01 10:04:00','2019-05-01 05:38:57','2020-04-03 23:10:44','2020-08-27 14:31:21'),(27,59,1,'2015-04-29 23:01:52','2016-02-06 00:04:39','2015-11-18 20:25:56','2020-08-27 14:31:21'),(28,71,2,'2016-07-13 03:50:54','2017-06-29 05:09:16','2013-03-29 11:08:45','2020-08-27 14:31:21'),(29,81,1,'2020-01-23 22:57:19','2020-05-12 04:57:13','2020-02-05 10:23:11','2020-08-27 14:31:21'),(30,26,2,'2011-02-12 06:26:04','2012-06-22 23:59:21','2016-12-19 08:28:32','2020-08-27 14:31:21'),(31,62,1,'2016-02-16 18:00:47','2016-11-08 14:43:36','2020-08-16 23:37:13','2020-08-27 14:27:36'),(32,49,3,'2016-10-30 14:22:10','2018-04-30 09:07:33','2019-12-19 19:11:05','2020-08-27 14:31:21'),(33,56,3,'2011-06-22 11:52:17','2017-11-24 11:59:56','2014-04-22 23:35:54','2020-08-27 14:27:36'),(34,68,1,'2018-10-16 09:29:06','2013-07-26 04:40:47','2018-04-27 21:57:31','2020-08-27 14:31:21'),(35,2,1,'2013-01-29 12:48:46','2012-04-14 04:05:12','2012-04-05 07:27:42','2020-08-27 14:31:21'),(36,86,1,'2017-12-09 17:13:08','2016-11-20 23:39:01','2016-01-17 08:05:12','2018-08-22 10:41:50'),(37,40,2,'2015-01-04 08:37:38','2014-08-17 18:20:25','2017-06-09 14:43:55','2019-01-07 07:20:03'),(38,29,2,'2011-10-05 01:20:41','2019-05-15 10:53:45','2017-01-16 12:55:32','2020-08-27 14:31:21'),(39,17,1,'2016-11-21 11:51:00','2012-08-01 07:02:32','2016-03-28 03:48:31','2020-08-27 14:31:21'),(40,34,2,'2020-06-21 20:28:42','2018-12-08 13:48:00','2018-04-06 15:54:11','2020-08-27 14:31:21'),(41,9,1,'2018-03-21 15:42:46','2018-04-02 23:49:13','2012-11-02 08:19:36','2020-08-27 14:27:36'),(42,55,1,'2016-08-13 19:25:18','2013-01-07 06:22:18','2012-01-21 04:33:52','2020-08-27 14:31:21'),(43,81,3,'2019-12-12 15:41:37','2017-01-01 14:38:35','2011-03-05 10:58:14','2015-11-24 12:23:10'),(44,14,1,'2013-01-10 03:47:13','2015-05-05 08:11:09','2011-07-04 11:53:42','2020-08-27 14:31:21'),(45,63,1,'2017-08-11 22:13:44','2011-05-11 01:24:22','2014-09-09 09:25:49','2020-08-27 14:31:21'),(46,81,2,'2012-12-29 04:54:22','2016-01-06 19:00:24','2014-03-22 09:24:52','2020-08-27 14:31:21'),(47,42,2,'2017-09-11 08:52:13','2012-06-16 11:32:58','2015-08-17 18:25:48','2020-07-09 16:31:28'),(48,84,3,'2013-07-26 10:29:07','2013-03-30 03:20:42','2011-05-22 20:55:39','2019-09-30 20:00:58'),(49,83,2,'2011-03-24 05:41:04','2016-08-28 06:40:55','2013-12-04 03:46:18','2020-08-27 14:31:21'),(50,45,1,'2013-10-14 02:00:15','2015-09-10 04:45:14','2019-07-29 21:58:38','2020-08-27 14:31:21'),(51,85,1,'2012-04-21 22:08:01','2016-10-09 02:02:28','2014-06-16 03:27:37','2020-08-27 14:27:36'),(52,76,2,'2012-06-23 20:48:37','2018-11-01 19:41:44','2012-11-12 14:18:00','2020-08-27 14:27:36'),(53,12,1,'2018-11-20 10:13:39','2012-09-15 09:38:49','2012-06-14 05:25:05','2020-08-27 14:31:21'),(54,35,3,'2019-09-26 06:07:59','2013-07-01 23:14:59','2018-11-15 14:13:06','2020-08-27 14:31:21'),(55,4,2,'2011-11-03 20:34:28','2011-03-19 07:03:51','2017-06-17 23:48:08','2020-08-27 14:31:21'),(56,84,3,'2011-08-16 03:38:43','2012-04-28 02:34:58','2019-01-29 12:16:10','2020-08-27 14:31:21'),(57,91,2,'2011-12-22 03:03:34','2014-06-14 04:59:26','2010-12-20 19:03:25','2020-08-27 14:27:36'),(58,63,2,'2014-11-01 10:57:57','2017-08-01 16:49:37','2011-02-23 18:21:40','2020-08-27 14:31:21'),(59,55,1,'2016-12-02 06:23:15','2018-03-04 22:57:40','2019-01-29 14:18:39','2020-08-27 14:31:21'),(60,72,2,'2012-04-05 21:30:41','2016-04-08 14:11:33','2013-12-03 16:34:19','2020-08-27 14:31:21'),(61,89,2,'2018-10-18 19:22:56','2017-04-20 15:02:23','2018-08-08 15:22:36','2020-08-27 14:31:21'),(62,17,3,'2013-05-17 08:02:21','2015-01-20 09:32:08','2018-04-14 03:39:14','2020-08-27 14:31:21'),(63,20,3,'2017-05-30 13:14:02','2011-11-14 23:57:35','2017-07-25 06:10:17','2020-08-27 14:26:42'),(64,45,3,'2013-01-02 02:44:48','2011-10-27 19:46:40','2019-03-05 10:16:50','2020-08-27 14:31:21'),(65,85,2,'2011-10-19 06:21:56','2011-06-22 02:26:59','2012-05-07 14:04:00','2020-08-27 14:31:21'),(66,21,2,'2019-04-06 18:04:59','2010-11-08 17:50:58','2012-12-21 18:52:25','2020-08-27 14:31:21'),(67,31,2,'2017-12-02 15:41:16','2015-08-29 19:08:13','2019-05-21 16:55:41','2020-08-27 14:26:42'),(68,24,1,'2017-11-01 04:35:57','2014-06-15 22:28:30','2014-10-06 00:29:51','2020-08-27 14:31:21'),(69,50,2,'2011-08-12 00:17:19','2013-02-09 16:07:43','2017-11-30 18:15:55','2020-08-27 14:31:21'),(70,47,2,'2016-12-14 23:12:12','2013-03-03 06:28:09','2017-06-06 01:09:28','2020-08-27 14:31:21'),(71,58,3,'2010-11-04 23:11:42','2015-04-14 22:56:16','2013-11-04 04:06:17','2020-08-27 14:31:21'),(72,59,3,'2013-06-19 17:28:43','2013-03-21 09:27:43','2018-03-01 07:20:20','2020-08-27 14:31:21'),(73,2,1,'2015-12-27 17:58:23','2012-03-14 07:47:49','2014-05-14 23:17:52','2020-08-27 14:31:21'),(74,39,3,'2011-02-10 23:32:57','2014-09-08 03:33:56','2016-11-09 15:01:52','2020-08-27 14:31:21'),(75,72,1,'2012-08-21 17:33:31','2014-10-28 10:59:31','2011-06-09 05:17:57','2020-08-27 14:31:21'),(76,64,2,'2015-09-24 05:23:14','2018-07-03 17:36:53','2018-08-02 04:46:19','2020-08-27 14:31:21'),(77,19,2,'2011-02-09 09:10:21','2015-09-23 20:11:27','2014-03-11 21:29:45','2020-08-27 14:27:36'),(78,14,2,'2013-06-01 07:59:28','2018-11-13 03:10:14','2013-08-27 02:29:10','2020-08-27 14:31:21'),(79,48,3,'2018-01-21 14:27:56','2010-10-25 10:55:44','2019-06-08 15:40:50','2020-08-27 14:31:21'),(80,2,3,'2016-05-13 19:17:01','2019-10-16 11:09:40','2019-04-05 00:42:09','2020-08-27 14:31:21'),(81,58,1,'2015-01-24 00:33:51','2019-06-19 11:00:28','2012-03-27 20:29:33','2020-08-27 14:27:36'),(82,33,1,'2016-03-16 08:46:57','2011-06-23 01:16:39','2018-03-18 03:10:37','2020-08-27 14:31:21'),(83,77,3,'2016-11-15 16:19:45','2013-03-04 05:20:42','2019-06-15 20:15:09','2020-08-27 14:26:42'),(84,69,2,'2014-03-22 04:08:34','2016-07-07 03:43:23','2013-08-20 23:30:17','2020-08-27 14:31:21'),(85,68,3,'2019-06-24 02:28:26','2011-09-27 18:18:54','2014-04-21 15:54:36','2020-08-27 14:31:21'),(86,81,2,'2013-09-25 13:59:19','2015-11-18 09:05:14','2015-12-05 12:35:39','2020-08-27 14:31:21'),(87,53,2,'2017-10-05 02:16:25','2014-06-08 22:56:34','2015-08-23 06:45:15','2018-05-17 14:56:25'),(88,58,3,'2017-02-15 19:36:41','2016-05-24 15:23:32','2017-11-20 08:58:24','2018-09-02 15:16:48'),(89,44,2,'2016-09-28 15:01:07','2015-09-24 06:19:30','2012-01-04 04:21:24','2020-08-27 14:31:21'),(90,8,3,'2018-03-08 21:15:59','2011-08-12 18:11:50','2012-05-29 03:24:27','2020-08-27 14:31:21'),(91,29,3,'2016-05-04 22:28:17','2013-02-11 11:32:32','2016-09-26 04:27:26','2020-08-27 14:31:21'),(92,32,1,'2020-02-13 22:33:44','2012-02-22 04:33:08','2015-05-19 22:07:25','2020-08-27 14:31:21'),(93,24,3,'2011-04-26 20:36:31','2019-11-16 03:15:49','2012-10-05 23:07:09','2020-08-27 14:27:36'),(94,49,3,'2010-09-28 22:37:00','2018-05-17 12:23:46','2014-09-17 13:45:54','2020-08-27 14:31:21'),(95,77,2,'2016-08-20 22:59:33','2017-08-02 20:34:17','2014-12-30 20:31:24','2020-08-27 14:31:21'),(96,8,1,'2011-11-27 21:03:07','2014-07-24 03:20:57','2020-05-29 11:58:59','2020-08-27 14:27:36'),(97,69,1,'2012-11-03 00:07:09','2016-11-20 06:15:16','2016-08-29 06:17:04','2020-08-27 14:31:21'),(98,7,2,'2020-05-10 14:06:40','2013-10-06 11:56:49','2013-10-05 15:03:20','2020-08-27 14:31:21'),(99,31,3,'2019-05-06 11:57:40','2014-08-14 04:30:08','2010-09-14 18:01:11','2020-08-27 14:31:21'),(100,19,2,'2019-01-09 17:38:35','2017-11-15 22:36:33','2020-04-19 09:21:15','2020-08-27 14:31:21');
/*!40000 ALTER TABLE `friendship` ENABLE KEYS */;
UNLOCK TABLES;

--
-- Table structure for table `friendship_statuses`
--

DROP TABLE IF EXISTS `friendship_statuses`;
/*!40101 SET @saved_cs_client     = @@character_set_client */;
/*!50503 SET character_set_client = utf8mb4 */;
CREATE TABLE `friendship_statuses` (
  `id` int unsigned NOT NULL AUTO_INCREMENT COMMENT 'Идентификатор строки',
  `name` varchar(150) CHARACTER SET utf8 COLLATE utf8_unicode_ci NOT NULL COMMENT 'Название статуса',
  `created_at` datetime DEFAULT CURRENT_TIMESTAMP COMMENT 'Время создания строки',
  `updated_at` datetime DEFAULT CURRENT_TIMESTAMP ON UPDATE CURRENT_TIMESTAMP COMMENT 'Время обновления строки',
  PRIMARY KEY (`id`),
  UNIQUE KEY `name` (`name`)
) ENGINE=InnoDB AUTO_INCREMENT=4 DEFAULT CHARSET=utf8 COLLATE=utf8_unicode_ci COMMENT='Статусы дружбы';
/*!40101 SET character_set_client = @saved_cs_client */;

--
-- Dumping data for table `friendship_statuses`
--

LOCK TABLES `friendship_statuses` WRITE;
/*!40000 ALTER TABLE `friendship_statuses` DISABLE KEYS */;
INSERT INTO `friendship_statuses` VALUES (1,'Requested','2020-08-27 14:30:48','2020-08-27 14:30:48'),(2,'Confirmed','2020-08-27 14:30:48','2020-08-27 14:30:48'),(3,'Rejected','2020-08-27 14:30:48','2020-08-27 14:30:48');
/*!40000 ALTER TABLE `friendship_statuses` ENABLE KEYS */;
UNLOCK TABLES;

--
-- Table structure for table `media`
--

DROP TABLE IF EXISTS `media`;
/*!40101 SET @saved_cs_client     = @@character_set_client */;
/*!50503 SET character_set_client = utf8mb4 */;
CREATE TABLE `media` (
  `id` int unsigned NOT NULL AUTO_INCREMENT COMMENT 'Идентификатор строки',
  `user_id` int unsigned NOT NULL COMMENT 'Ссылка на пользователя, который загрузил файл',
  `filepath` varchar(255) CHARACTER SET utf8 COLLATE utf8_unicode_ci NOT NULL COMMENT 'Путь к файлу',
  `size` int NOT NULL COMMENT 'Размер файла',
  `metadata` json DEFAULT NULL,
  `media_type_id` int unsigned NOT NULL COMMENT 'Ссылка на тип контента',
  `created_at` datetime DEFAULT CURRENT_TIMESTAMP COMMENT 'Время создания строки',
  `updated_at` datetime DEFAULT CURRENT_TIMESTAMP ON UPDATE CURRENT_TIMESTAMP COMMENT 'Время обновления строки',
  PRIMARY KEY (`id`),
  CONSTRAINT `media_chk_1` CHECK (json_valid(`metadata`))
) ENGINE=InnoDB AUTO_INCREMENT=101 DEFAULT CHARSET=utf8 COLLATE=utf8_unicode_ci COMMENT='Медиафайлы';
/*!40101 SET character_set_client = @saved_cs_client */;

--
-- Dumping data for table `media`
--

LOCK TABLES `media` WRITE;
/*!40000 ALTER TABLE `media` DISABLE KEYS */;
INSERT INTO `media` VALUES (1,76,'rerumGislason.png',2425480,'{\"owner\": \"Della Schulist\"}',1,'2020-06-28 23:38:42','2020-08-27 14:23:34'),(2,13,'minimaAbbott.avi',422153,'{\"owner\": \"Efrain Kirlin\"}',3,'2014-09-17 21:02:17','2020-08-27 14:23:34'),(3,83,'cumKuhlman.mpeg',8239,'{\"owner\": \"Matt Klocko\"}',1,'2017-04-28 01:17:47','2020-08-27 14:23:34'),(4,79,'doloremqueMonahan.png',6756,'{\"owner\": \"Gunner Ernser\"}',3,'2012-05-17 05:20:54','2020-08-27 14:23:34'),(5,17,'autemKirlin.jpeg',146241,'{\"owner\": \"Karlie Turcotte\"}',2,'2015-12-08 14:34:01','2020-08-27 14:23:34'),(6,89,'eumRunolfsdottir.avi',7133,'{\"owner\": \"Amir Hoeger\"}',2,'2012-09-12 23:50:37','2020-08-27 14:23:34'),(7,51,'quibusdamHoeger.png',116161,'{\"owner\": \"Katlynn Torphy\"}',3,'2011-01-26 17:22:26','2020-08-27 14:23:34'),(8,52,'utConsidine.jpeg',17628920,'{\"owner\": \"Ethelyn Hammes\"}',2,'2013-07-31 00:44:14','2020-08-27 14:23:34'),(9,28,'ullamKris.avi',557207,'{\"owner\": \"Jakob Paucek\"}',1,'2020-01-24 16:34:27','2020-08-27 13:53:16'),(10,33,'estHegmann.jpeg',461348,'{\"owner\": \"Sadie Nikolaus\"}',2,'2017-11-05 00:49:46','2020-08-27 14:23:34'),(11,38,'aliquidTowne.png',427555,'{\"owner\": \"Alayna Lindgren\"}',1,'2018-11-13 01:24:50','2020-08-27 14:23:34'),(12,92,'eosSchmidt.mpeg',456154,'{\"owner\": \"Daryl Hilpert\"}',2,'2016-06-17 14:48:54','2020-08-27 14:23:34'),(13,78,'repellatDoyle.png',988106,'{\"owner\": \"Jamar Gerhold\"}',1,'2020-08-10 01:43:38','2020-08-27 14:23:34'),(14,25,'suscipitNikolaus.mpeg',62532952,'{\"owner\": \"Carlee Hudson\"}',1,'2015-01-27 00:15:15','2020-08-27 13:53:16'),(15,91,'odioSchoen.mpeg',562067,'{\"owner\": \"Rachelle Hoeger\"}',3,'2017-05-20 09:33:53','2020-08-27 14:23:34'),(16,34,'utO\'Reilly.avi',44703127,'{\"owner\": \"Darrell Runolfsdottir\"}',3,'2018-03-29 16:58:34','2020-08-27 14:23:34'),(17,45,'errorKovacek.png',8423229,'{\"owner\": \"Amaya O\'Keefe\"}',1,'2020-01-09 09:38:08','2020-08-27 14:23:34'),(18,67,'autHudson.jpeg',78523,'{\"owner\": \"Rod Wehner\"}',3,'2013-08-23 00:56:21','2020-08-27 13:53:16'),(19,67,'dolorumBins.png',6918,'{\"owner\": \"Rod Wehner\"}',2,'2013-10-19 23:25:15','2020-08-27 14:23:34'),(20,11,'inWeber.png',836017,'{\"owner\": \"Schuyler Baumbach\"}',3,'2010-08-31 12:48:52','2020-08-27 14:23:34'),(21,24,'ipsaMurphy.png',65877735,'{\"owner\": \"Gia Christiansen\"}',2,'2013-09-07 15:33:50','2020-08-27 14:23:34'),(22,60,'laborumAbshire.png',27000,'{\"owner\": \"Athena Champlin\"}',3,'2015-08-14 07:05:16','2020-08-27 14:23:34'),(23,12,'quiaTremblay.jpeg',483887,'{\"owner\": \"Ivah Blanda\"}',1,'2011-10-30 23:08:50','2020-08-27 14:23:34'),(24,7,'laudantiumPaucek.avi',901382,'{\"owner\": \"Sheridan Schroeder\"}',2,'2020-04-23 06:00:49','2020-08-27 14:23:34'),(25,16,'sedSchmidt.png',56126,'{\"owner\": \"Bryana Bergnaum\"}',2,'2020-04-11 01:23:33','2020-08-27 14:23:34'),(26,13,'doloremqueKeeling.jpeg',9462,'{\"owner\": \"Efrain Kirlin\"}',2,'2015-01-20 12:34:46','2020-08-27 14:23:34'),(27,37,'facilisMuller.mpeg',45252,'{\"owner\": \"Hildegard Grant\"}',3,'2015-03-12 09:05:07','2020-08-27 14:23:34'),(28,82,'quibusdamSchoen.mpeg',512112,'{\"owner\": \"Ayla Monahan\"}',1,'2018-08-29 20:48:05','2020-08-27 14:23:34'),(29,81,'nemoTillman.mpeg',414805,'{\"owner\": \"Hilton Lubowitz\"}',2,'2011-10-16 01:19:33','2020-08-27 14:23:34'),(30,16,'consequaturLockman.avi',9283,'{\"owner\": \"Bryana Bergnaum\"}',1,'2015-03-13 20:55:12','2020-08-27 14:23:34'),(31,25,'rationeStroman.png',527690,'{\"owner\": \"Carlee Hudson\"}',1,'2020-02-14 12:30:49','2020-08-27 14:23:34'),(32,38,'etRunolfsdottir.jpeg',384036,'{\"owner\": \"Alayna Lindgren\"}',2,'2013-11-04 05:45:15','2020-08-27 14:23:34'),(33,95,'possimusLubowitz.mpeg',327110,'{\"owner\": \"Lavonne Hegmann\"}',1,'2015-04-02 07:58:55','2020-08-27 13:53:16'),(34,96,'eiusMonahan.avi',4516840,'{\"owner\": \"Deborah Funk\"}',2,'2010-12-26 04:56:01','2020-08-27 14:23:34'),(35,48,'ipsumLindgren.png',7130,'{\"owner\": \"Gregorio Abshire\"}',3,'2016-07-12 10:30:33','2020-08-27 14:23:34'),(36,45,'temporaGrimes.jpeg',473441,'{\"owner\": \"Amaya O\'Keefe\"}',2,'2019-03-05 15:49:20','2020-08-27 14:23:34'),(37,6,'autemWeber.jpeg',9013,'{\"owner\": \"Jean Skiles\"}',1,'2013-09-27 07:05:59','2020-08-27 13:53:16'),(38,45,'nihilPaucek.mpeg',90039,'{\"owner\": \"Amaya O\'Keefe\"}',2,'2015-05-16 21:16:07','2020-08-27 13:53:16'),(39,16,'rerumO\'Reilly.mpeg',375878,'{\"owner\": \"Bryana Bergnaum\"}',3,'2014-08-15 12:32:41','2020-08-27 14:23:34'),(40,56,'namGrant.mpeg',3942,'{\"owner\": \"Gertrude Weber\"}',1,'2017-06-16 20:18:51','2020-08-27 14:23:34'),(41,91,'debitisConsidine.png',142856789,'{\"owner\": \"Rachelle Hoeger\"}',1,'2015-04-16 07:54:04','2020-08-27 14:23:34'),(42,84,'eiusKirlin.mpeg',94412299,'{\"owner\": \"Selmer Labadie\"}',3,'2016-08-03 18:48:09','2020-08-27 13:53:16'),(43,73,'quiKlocko.avi',959839,'{\"owner\": \"Antwon Luettgen\"}',3,'2016-11-03 12:41:46','2020-08-27 14:23:34'),(44,41,'estWelch.avi',449065,'{\"owner\": \"Baylee Kertzmann\"}',3,'2013-04-02 00:26:59','2020-08-27 14:23:34'),(45,71,'aO\'Reilly.png',107692,'{\"owner\": \"Melyna Lueilwitz\"}',3,'2020-04-30 04:40:56','2020-08-27 14:23:34'),(46,25,'etSkiles.png',181265,'{\"owner\": \"Carlee Hudson\"}',1,'2017-05-29 10:01:13','2020-08-27 14:23:34'),(47,6,'autWyman.avi',573251,'{\"owner\": \"Jean Skiles\"}',3,'2014-09-11 07:25:04','2020-08-27 14:23:34'),(48,65,'distinctioSchroeder.jpeg',143532,'{\"owner\": \"Danial Kuphal\"}',3,'2016-06-07 16:12:51','2020-08-27 14:23:34'),(49,65,'sequiRunolfsdottir.jpeg',3361,'{\"owner\": \"Danial Kuphal\"}',3,'2016-08-14 22:00:55','2020-08-27 14:23:34'),(50,62,'quisMuller.avi',7449686,'{\"owner\": \"Clarabelle Williamson\"}',1,'2014-11-22 12:53:02','2020-08-27 14:23:34'),(51,66,'similiqueJakubowski.mpeg',312461,'{\"owner\": \"Giovanna Jaskolski\"}',3,'2015-07-01 11:38:35','2020-08-27 14:23:34'),(52,83,'deseruntConsidine.png',490969290,'{\"owner\": \"Matt Klocko\"}',1,'2013-08-20 07:20:45','2020-08-27 14:23:34'),(53,11,'perferendisTurcotte.mpeg',832551,'{\"owner\": \"Schuyler Baumbach\"}',2,'2017-12-16 18:22:10','2020-08-27 14:23:34'),(54,88,'etSkiles.avi',300403569,'{\"owner\": \"Samir Abbott\"}',3,'2011-08-22 13:17:44','2020-08-27 13:53:16'),(55,80,'doloremqueDoyle.png',83366,'{\"owner\": \"Jaydon Ledner\"}',1,'2014-09-03 12:36:22','2020-08-27 14:23:34'),(56,57,'fugitGusikowski.avi',215374,'{\"owner\": \"Daphnee Doyle\"}',1,'2016-11-22 18:51:34','2020-08-27 14:23:34'),(57,12,'natusWehner.avi',9422694,'{\"owner\": \"Ivah Blanda\"}',2,'2019-02-27 13:41:03','2020-08-27 14:23:34'),(58,98,'errorSchmidt.jpeg',569219,'{\"owner\": \"Thea Gusikowski\"}',2,'2013-06-18 01:42:20','2020-08-27 14:23:34'),(59,5,'quibusdamBins.avi',4487105,'{\"owner\": \"Vladimir Erdman\"}',2,'2011-10-03 00:38:54','2020-08-27 14:23:34'),(60,38,'nisiAbshire.avi',189972,'{\"owner\": \"Alayna Lindgren\"}',3,'2013-10-14 23:25:47','2020-08-27 14:23:34'),(61,95,'doloremKlocko.jpeg',608735362,'{\"owner\": \"Lavonne Hegmann\"}',3,'2012-01-24 09:22:03','2020-08-27 14:23:34'),(62,72,'liberoHudson.avi',232203,'{\"owner\": \"Cecile Lind\"}',1,'2012-03-28 21:23:54','2020-08-27 14:23:34'),(63,24,'delenitiGrimes.png',581099,'{\"owner\": \"Gia Christiansen\"}',3,'2019-10-25 01:24:52','2020-08-27 14:23:34'),(64,100,'quiaShields.png',198885,'{\"owner\": \"Erik Stark\"}',3,'2015-08-13 16:21:49','2020-08-27 14:23:34'),(65,96,'sitTurcotte.jpeg',241131,'{\"owner\": \"Deborah Funk\"}',2,'2013-11-25 14:45:04','2020-08-27 14:23:34'),(66,100,'dignissimosAbbott.png',498218994,'{\"owner\": \"Erik Stark\"}',2,'2017-01-23 05:49:22','2020-08-27 14:23:34'),(67,67,'voluptatibusBreitenberg.mpeg',1876968,'{\"owner\": \"Rod Wehner\"}',2,'2015-04-07 09:45:51','2020-08-27 14:23:34'),(68,33,'eumHickle.jpeg',598999,'{\"owner\": \"Sadie Nikolaus\"}',2,'2012-03-23 04:00:11','2020-08-27 14:23:34'),(69,10,'voluptateHilpert.jpeg',847227,'{\"owner\": \"Emmett Schmidt\"}',3,'2019-07-23 14:58:43','2020-08-27 13:53:16'),(70,4,'officiisKlocko.avi',49482,'{\"owner\": \"Israel Thiel\"}',1,'2017-05-25 20:18:34','2020-08-27 14:23:34'),(71,65,'laborumHudson.jpeg',91362,'{\"owner\": \"Danial Kuphal\"}',3,'2014-06-03 23:29:28','2020-08-27 14:23:34'),(72,60,'voluptasSchmidt.avi',968212,'{\"owner\": \"Athena Champlin\"}',2,'2012-11-15 10:38:55','2020-08-27 14:23:34'),(73,100,'nonGislason.jpeg',4629,'{\"owner\": \"Erik Stark\"}',3,'2011-05-15 15:40:11','2020-08-27 14:23:34'),(74,62,'molestiaeStroman.jpeg',261603,'{\"owner\": \"Clarabelle Williamson\"}',1,'2015-07-21 17:19:01','2020-08-27 13:53:16'),(75,95,'sitJakubowski.jpeg',89039,'{\"owner\": \"Lavonne Hegmann\"}',1,'2020-04-04 16:20:33','2020-08-27 14:23:34'),(76,80,'undeKlocko.jpeg',7168,'{\"owner\": \"Jaydon Ledner\"}',1,'2012-03-01 12:16:49','2020-08-27 14:23:34'),(77,61,'aspernaturMuller.png',52331632,'{\"owner\": \"Idella Jakubowski\"}',3,'2014-02-10 16:53:41','2020-08-27 14:23:34'),(78,89,'delectusWehner.avi',70062271,'{\"owner\": \"Amir Hoeger\"}',3,'2016-05-21 02:15:35','2020-08-27 14:23:34'),(79,87,'saepeLueilwitz.png',501018,'{\"owner\": \"Annabelle Fadel\"}',2,'2013-11-05 16:55:55','2020-08-27 14:23:34'),(80,72,'nihilLockman.avi',17364717,'{\"owner\": \"Cecile Lind\"}',1,'2012-02-19 00:18:59','2020-08-27 14:23:34'),(81,50,'fugiatConsidine.avi',710283,'{\"owner\": \"Reece Murphy\"}',3,'2020-07-29 18:46:24','2020-08-27 14:23:34'),(82,44,'distinctioBins.avi',38361,'{\"owner\": \"Magdalena Lynch\"}',1,'2020-06-08 18:48:17','2020-08-27 14:23:34'),(83,53,'aliquamDoyle.avi',575351,'{\"owner\": \"Louvenia Breitenberg\"}',3,'2014-01-20 14:25:19','2020-08-27 14:23:34'),(84,94,'hicPaucek.jpeg',50957,'{\"owner\": \"Monserrat Turner\"}',2,'2013-05-21 13:30:36','2020-08-27 14:23:34'),(85,97,'harumMonahan.png',749685,'{\"owner\": \"Elliot Towne\"}',3,'2011-12-30 15:54:25','2020-08-27 14:23:34'),(86,52,'sedO\'Reilly.avi',129701,'{\"owner\": \"Ethelyn Hammes\"}',2,'2017-10-09 22:05:23','2020-08-27 14:23:34'),(87,57,'sintGerhold.jpeg',485636,'{\"owner\": \"Daphnee Doyle\"}',3,'2011-08-10 22:19:50','2020-08-27 14:23:34'),(88,38,'minusSchimmel.png',24879,'{\"owner\": \"Alayna Lindgren\"}',3,'2015-03-22 01:35:05','2020-08-27 14:23:34'),(89,68,'doloresMcKenzie.jpeg',185862,'{\"owner\": \"Carlotta Schimmel\"}',2,'2015-02-18 13:58:56','2020-08-27 14:23:34'),(90,60,'consequaturBlanda.avi',6149,'{\"owner\": \"Athena Champlin\"}',2,'2011-05-03 10:16:44','2020-08-27 14:23:34'),(91,98,'repellendusKautzer.avi',3496,'{\"owner\": \"Thea Gusikowski\"}',1,'2012-03-11 04:34:44','2020-08-27 14:23:34'),(92,53,'molestiaeKovacek.avi',9810646,'{\"owner\": \"Louvenia Breitenberg\"}',2,'2018-03-17 03:16:34','2020-08-27 14:23:34'),(93,90,'autMraz.mpeg',3335,'{\"owner\": \"Estel Kovacek\"}',2,'2012-06-29 10:10:16','2020-08-27 14:23:34'),(94,43,'quiBergnaum.jpeg',29077,'{\"owner\": \"Crystal Wyman\"}',3,'2015-07-22 05:43:46','2020-08-27 14:23:34'),(95,30,'etChristiansen.png',458516,'{\"owner\": \"Katelyn Bins\"}',2,'2017-09-20 08:46:55','2020-08-27 13:53:16'),(96,58,'etWyman.avi',21125,'{\"owner\": \"Della Nitzsche\"}',3,'2015-08-22 01:31:22','2020-08-27 14:23:34'),(97,85,'veritatisKoss.mpeg',65670621,'{\"owner\": \"Cassandre Keeling\"}',2,'2015-05-06 16:04:58','2020-08-27 14:23:34'),(98,95,'nihilStark.mpeg',25258315,'{\"owner\": \"Lavonne Hegmann\"}',1,'2013-08-21 14:17:00','2020-08-27 14:23:34'),(99,78,'voluptasTowne.mpeg',3235398,'{\"owner\": \"Jamar Gerhold\"}',3,'2020-08-16 18:33:44','2020-08-27 14:23:34'),(100,100,'culpaLynch.png',678477,'{\"owner\": \"Erik Stark\"}',2,'2017-06-06 21:14:30','2020-08-27 14:23:34');
/*!40000 ALTER TABLE `media` ENABLE KEYS */;
UNLOCK TABLES;

--
-- Table structure for table `media_types`
--

DROP TABLE IF EXISTS `media_types`;
/*!40101 SET @saved_cs_client     = @@character_set_client */;
/*!50503 SET character_set_client = utf8mb4 */;
CREATE TABLE `media_types` (
  `id` int unsigned NOT NULL AUTO_INCREMENT COMMENT 'Идентификатор строки',
  `name` varchar(255) CHARACTER SET utf8 COLLATE utf8_unicode_ci NOT NULL COMMENT 'Название типа',
  `created_at` datetime DEFAULT CURRENT_TIMESTAMP COMMENT 'Время создания строки',
  `updated_at` datetime DEFAULT CURRENT_TIMESTAMP ON UPDATE CURRENT_TIMESTAMP COMMENT 'Время обновления строки',
  PRIMARY KEY (`id`),
  UNIQUE KEY `name` (`name`)
) ENGINE=InnoDB AUTO_INCREMENT=4 DEFAULT CHARSET=utf8 COLLATE=utf8_unicode_ci COMMENT='Типы медиафайлов';
/*!40101 SET character_set_client = @saved_cs_client */;

--
-- Dumping data for table `media_types`
--

LOCK TABLES `media_types` WRITE;
/*!40000 ALTER TABLE `media_types` DISABLE KEYS */;
INSERT INTO `media_types` VALUES (1,'audio','2020-08-27 14:19:14','2020-08-27 14:19:14'),(2,'video','2020-08-27 14:19:14','2020-08-27 14:19:14'),(3,'photo','2020-08-27 14:19:14','2020-08-27 14:19:14');
/*!40000 ALTER TABLE `media_types` ENABLE KEYS */;
UNLOCK TABLES;

--
-- Table structure for table `messages`
--

DROP TABLE IF EXISTS `messages`;
/*!40101 SET @saved_cs_client     = @@character_set_client */;
/*!50503 SET character_set_client = utf8mb4 */;
CREATE TABLE `messages` (
  `id` int unsigned NOT NULL AUTO_INCREMENT COMMENT 'Идентификатор строки',
  `from_user_id` int unsigned NOT NULL COMMENT 'Ссылка на отправителя сообщения',
  `to_user_id` int unsigned NOT NULL COMMENT 'Ссылка на получателя сообщения',
  `body` text CHARACTER SET utf8 COLLATE utf8_unicode_ci NOT NULL COMMENT 'Текст сообщения',
  `is_important` tinyint(1) DEFAULT NULL COMMENT 'Признак важности',
  `is_delivered` tinyint(1) DEFAULT NULL COMMENT 'Признак доставки',
  `created_at` datetime DEFAULT CURRENT_TIMESTAMP COMMENT 'Время создания строки',
  `updated_at` datetime DEFAULT CURRENT_TIMESTAMP ON UPDATE CURRENT_TIMESTAMP COMMENT 'Время обновления строки',
  PRIMARY KEY (`id`)
) ENGINE=InnoDB AUTO_INCREMENT=101 DEFAULT CHARSET=utf8 COLLATE=utf8_unicode_ci COMMENT='Сообщения';
/*!40101 SET character_set_client = @saved_cs_client */;

--
-- Dumping data for table `messages`
--

LOCK TABLES `messages` WRITE;
/*!40000 ALTER TABLE `messages` DISABLE KEYS */;
INSERT INTO `messages` VALUES (1,30,72,'Ut nostrum ex est adipisci. Eligendi ab nisi vitae ratione. Et eius suscipit distinctio eligendi dolore eum. Qui quaerat quia voluptatem sequi.',0,1,'2019-10-10 23:07:46','2020-08-27 13:34:18'),(2,70,33,'Quas est incidunt dolorum fugit mollitia. Esse aliquam quasi eius saepe vitae est. Odit aliquam quo eos harum. Atque amet aut vel corporis.',1,0,'2012-08-27 05:48:47','2020-08-27 13:34:18'),(3,55,76,'Ab sint consequatur voluptatem est nisi nihil atque. Et sit sit in. Qui accusamus commodi minus reprehenderit eaque. Eos corrupti eius autem aut atque.',1,0,'2012-02-04 00:21:37','2020-08-27 13:34:18'),(4,13,39,'Nihil et laudantium quia dolorum officia facilis quae. Voluptates doloremque cupiditate nisi natus. Ut omnis itaque nobis sit. Quam enim aspernatur quis dolor.',1,0,'2013-04-14 20:31:33','2020-08-27 13:34:18'),(5,55,57,'Doloribus praesentium nemo autem cum atque. Quia nisi consequatur sint rerum consequatur. Explicabo non non sit aliquam non.',0,1,'2013-07-17 14:12:33','2020-08-27 13:34:18'),(6,21,34,'Dolorem a eius quibusdam fugit qui. Ducimus voluptatem laudantium architecto repellat est et. Temporibus placeat vitae a.',1,1,'2017-11-22 15:59:56','2020-08-27 13:34:18'),(7,5,23,'Voluptates eum autem et adipisci. Cum quo culpa quas asperiores. Quasi et ut placeat dicta architecto.',0,1,'2018-12-27 10:24:41','2020-08-27 13:34:18'),(8,1,35,'In nobis eligendi voluptatem sequi enim. Exercitationem quaerat fuga ut corporis et inventore necessitatibus.',0,1,'2011-12-29 08:56:32','2020-08-27 13:34:18'),(9,72,55,'Laboriosam autem adipisci ipsa placeat autem. Eveniet facilis libero repellat dolorem. Dolorem molestiae iure id repellendus.',0,1,'2020-02-12 19:42:07','2020-08-27 13:34:18'),(10,56,18,'Ipsa qui perferendis eos quia unde optio hic. Placeat voluptates vel in corrupti. Nesciunt rerum rerum incidunt quaerat repellat.',0,1,'2014-12-11 04:18:04','2020-08-27 13:34:18'),(11,18,37,'Numquam excepturi sint odio sit ipsa. Doloremque eos ut aspernatur ea. Cum cum dignissimos ipsa dignissimos maiores.',1,0,'2014-09-19 03:59:51','2020-08-27 13:34:18'),(12,32,48,'Incidunt sequi sequi in delectus deserunt quidem dolore. Laboriosam consectetur tempore maxime nihil est. Repudiandae cum voluptatem modi assumenda officiis. Odio velit perspiciatis aut esse ut vero.',0,0,'2019-04-13 02:13:09','2020-08-27 13:34:18'),(13,45,77,'A deleniti incidunt voluptas consectetur ut a laudantium. Praesentium facere quae et esse sunt repudiandae dignissimos. A est qui facere sint eligendi modi rerum. Quasi eum ab necessitatibus et exercitationem quia nesciunt velit. Enim quasi aliquid in porro voluptatibus sit.',0,0,'2017-08-08 02:57:24','2020-08-27 13:34:18'),(14,51,25,'Magni saepe in reiciendis quidem occaecati aut. Voluptas qui minus ipsum similique. Et culpa omnis modi ut nulla quas distinctio.',0,0,'2011-09-14 20:55:26','2020-08-27 13:34:18'),(15,70,74,'Ad eligendi vitae quo culpa labore eum. Ut ratione autem eos vitae. Iusto quisquam voluptatibus enim.',0,0,'2015-11-25 09:38:31','2020-08-27 13:34:18'),(16,58,70,'Suscipit eos quam a nam ullam cupiditate reiciendis. Labore rem et nemo omnis. Est repellendus et fuga autem. Et quibusdam exercitationem nostrum deleniti.',0,0,'2015-09-09 06:30:34','2020-08-27 13:34:18'),(17,75,65,'Veniam in optio voluptatem rerum deleniti hic. Doloremque perferendis possimus sapiente quia hic quisquam vitae. Ut quasi et debitis similique. Excepturi fuga voluptates et aspernatur tenetur quo.',0,0,'2016-02-10 04:01:36','2020-08-27 13:34:18'),(18,97,93,'Iusto consequuntur veritatis vel quod possimus omnis. Autem dolores cum ipsa consequatur.',0,0,'2015-03-27 12:41:50','2020-08-27 13:34:18'),(19,71,77,'Dolorem enim eligendi error non. Velit minus praesentium illum optio earum aut dolores nemo. Ut sapiente sapiente sint.',0,0,'2017-08-30 11:19:35','2020-08-27 13:34:18'),(20,72,29,'Illo dolorem labore consequatur aut. Quos autem impedit mollitia in omnis. Ea eius rerum maiores consequatur consequatur provident aut.',1,0,'2018-04-29 02:06:00','2020-08-27 13:34:18'),(21,27,47,'Hic qui consequuntur corrupti. Laborum nam repellendus harum quaerat. Aperiam autem qui similique enim possimus ipsum deleniti. Id consequuntur aut dolore voluptas voluptatum voluptate quo.',1,1,'2015-06-04 00:42:06','2020-08-27 13:34:18'),(22,55,33,'Quidem recusandae quia et sed. Velit magni dolores voluptatum in et corporis et. Non modi asperiores fuga velit ratione excepturi.',0,0,'2011-07-30 06:15:48','2020-08-27 13:34:18'),(23,100,100,'Beatae nobis placeat quo officiis. Aut animi est blanditiis quia laudantium rerum qui. Inventore sit repellendus velit et quia similique omnis.',1,1,'2019-02-10 09:59:38','2020-08-27 13:34:18'),(24,99,93,'Quae rerum dicta nisi sint. Architecto alias ut eum nesciunt. Dolor ab possimus facere perferendis. Omnis deserunt cumque quo praesentium amet nostrum.',1,1,'2019-04-08 06:46:19','2020-08-27 13:34:18'),(25,71,72,'Aut omnis aspernatur aut voluptatibus. Et et consequatur quod. Voluptatibus eum est ea non.',1,0,'2014-02-26 06:25:35','2020-08-27 13:34:18'),(26,49,28,'Autem qui quibusdam omnis molestiae. Dolor in est et vero magnam. Quasi ea voluptates a in ut.',1,1,'2015-09-22 07:25:43','2020-08-27 13:34:18'),(27,94,83,'Quia eos similique consequuntur quia id. Dolorum repellat molestiae doloremque et eaque. Reprehenderit blanditiis nam aspernatur aut consectetur quidem odio consequuntur.',1,0,'2014-12-18 00:18:39','2020-08-27 13:34:18'),(28,35,25,'Suscipit aut nobis iste molestiae perspiciatis minus consequatur. Provident et laborum dolor. Et sit vero pariatur nemo et ut.',0,1,'2014-02-08 16:57:19','2020-08-27 13:34:18'),(29,18,14,'Unde ipsam mollitia tempore possimus possimus molestiae. Dicta esse minus quia dolore nam dolor odio. Omnis voluptas nostrum vel vel iusto. Dicta nam fugit et reiciendis amet culpa labore.',1,1,'2011-10-09 05:18:01','2020-08-27 13:34:18'),(30,16,39,'Tempora cupiditate velit reiciendis hic sunt. Rem velit minus iste. Vero est ducimus ab et commodi consequatur. Voluptatem aperiam alias inventore quis.',1,1,'2013-03-21 05:43:58','2020-08-27 13:34:18'),(31,45,6,'Nemo dolores pariatur nobis quis quo autem. Et sed a neque. Sapiente vel repellendus quia ut. Consequatur quasi ut atque sunt delectus placeat. Culpa sit autem est eum.',1,1,'2017-10-16 01:53:20','2020-08-27 13:34:18'),(32,96,62,'Aperiam temporibus voluptatum itaque. Aut quis ut incidunt fugiat sint voluptatem. Necessitatibus dolore cumque mollitia porro officiis ipsum. Modi ut optio iste quia enim earum harum.',0,0,'2018-06-29 11:45:32','2020-08-27 13:34:18'),(33,19,12,'Odio et et omnis qui alias. Iure provident aut id doloribus facere voluptatum. Quis totam sed nemo et ut. Nisi tenetur praesentium quidem aut pariatur est.',0,0,'2017-01-29 10:26:29','2020-08-27 13:34:18'),(34,99,61,'Possimus sunt hic et eius beatae perferendis. Qui in dolor eum pariatur accusamus perferendis ea natus.',0,0,'2011-11-26 20:07:54','2020-08-27 13:34:18'),(35,7,50,'Voluptatibus fugiat quaerat aperiam dolorem adipisci. Et alias ut in odio doloribus.',0,0,'2020-03-07 00:52:40','2020-08-27 13:34:18'),(36,32,6,'Facere libero voluptatum inventore quae. Laboriosam officia repellendus debitis reiciendis non molestiae. Nam distinctio incidunt ratione nihil rerum sapiente quidem.',0,0,'2013-01-27 18:18:06','2020-08-27 13:34:18'),(37,34,51,'Ad vel id fugiat. Possimus commodi et nisi. Aut corrupti officia ipsum officia eos cupiditate autem. Numquam amet architecto error accusamus.',1,1,'2017-10-10 07:56:06','2020-08-27 13:34:18'),(38,52,5,'Eius eum et alias incidunt. Occaecati perspiciatis id adipisci fugit. Fugiat blanditiis et et impedit.',0,0,'2014-10-30 13:56:42','2020-08-27 13:34:18'),(39,71,40,'Provident molestias explicabo iusto atque facere. Ratione dolores esse consequuntur quisquam iure. Voluptatem sint dignissimos voluptates commodi ut distinctio. Nulla quidem enim atque qui autem dolore.',1,1,'2011-09-28 18:20:01','2020-08-27 13:34:18'),(40,88,16,'Minus earum voluptatem ipsam sit consectetur doloribus ut. Corrupti perspiciatis vel modi tempore nobis veritatis. Accusantium ratione eos occaecati consequatur quos mollitia. Error dolor fugiat natus consectetur sit non.',1,1,'2016-09-11 14:56:05','2020-08-27 13:34:18'),(41,16,32,'Ea fugit earum dolores sit sit quia inventore voluptate. Quo non ea quos rerum illum. Debitis omnis corrupti voluptas voluptatum ex corporis.',1,0,'2014-11-23 09:43:38','2020-08-27 13:34:18'),(42,12,63,'Ratione sint exercitationem illo sunt corrupti sit corporis. Deserunt incidunt rem doloremque aspernatur voluptas qui. Mollitia porro occaecati in delectus ipsa.',0,1,'2016-12-31 12:27:46','2020-08-27 13:34:18'),(43,78,3,'Ipsum voluptatem earum quia sed ut. Iste dolorum cupiditate quae quia id officiis. Officia asperiores et a consequatur nostrum. Tempora accusamus eligendi corrupti ut.',0,1,'2012-12-12 20:29:07','2020-08-27 13:34:18'),(44,79,86,'Vel amet mollitia dolor sunt dicta occaecati et laudantium. Iure vel temporibus qui quo accusamus aperiam quos praesentium. Officiis eum eveniet facilis aliquid. Molestias veniam esse quae perspiciatis veritatis accusantium incidunt eos.',0,0,'2020-03-04 09:17:13','2020-08-27 13:34:18'),(45,91,98,'Id veniam officiis ipsam quia sunt. Hic minus blanditiis enim rerum enim natus nulla. Maiores occaecati et qui nam et explicabo dolores.',1,0,'2018-09-02 04:36:36','2020-08-27 13:34:18'),(46,14,77,'Aspernatur libero aliquid quis quia temporibus voluptatem aut. Tempora culpa vero non quod voluptatem iusto. Et et magnam dolores iusto ex ea accusamus.',0,0,'2016-07-29 08:36:40','2020-08-27 13:34:18'),(47,41,73,'Et ut ipsa accusantium. Fugiat neque tempora quis molestiae ea sint libero. Omnis culpa voluptatibus voluptate maiores incidunt. Ea velit eius rerum occaecati.',0,1,'2019-12-24 03:39:51','2020-08-27 13:34:18'),(48,43,95,'Vero voluptatum enim iste vero nesciunt reiciendis omnis. Et sunt cumque asperiores quasi. Nisi placeat sed eveniet. Et maiores assumenda sit qui officia.',1,0,'2015-05-10 22:03:28','2020-08-27 13:34:18'),(49,45,41,'Veniam libero magni rerum dolore vel alias dolores. Voluptas est molestias odio quidem repellendus iure qui. Modi magnam enim neque velit est consequatur ut. Magni omnis inventore placeat qui quis dolor repellat. Consequuntur nulla ea eaque rerum dolores non dicta.',1,1,'2020-03-29 03:00:08','2020-08-27 13:34:18'),(50,69,21,'Nihil dolorem ipsam necessitatibus qui qui. Reiciendis fugit hic quasi tempora. In enim amet dolorum voluptatum quos quo. Eum quia eos dolor repudiandae voluptas nemo.',1,1,'2011-11-12 08:43:44','2020-08-27 13:34:18'),(51,99,31,'Suscipit voluptas occaecati ipsam similique. Est aliquam temporibus et incidunt et labore autem. Aut quam et dolore eum rerum perspiciatis.',0,1,'2012-03-21 00:12:11','2020-08-27 13:34:18'),(52,58,94,'Eum aliquid consequatur ullam ipsa. Et itaque perspiciatis hic sunt esse temporibus est. Unde blanditiis veritatis nemo aut rem deserunt veniam. Quas perspiciatis sit ea.',1,1,'2017-06-22 09:39:29','2020-08-27 13:34:18'),(53,99,10,'Rerum accusamus adipisci mollitia voluptates eligendi similique ut. Dolores aut aliquid dolorem nam totam amet quasi. Enim impedit dolorem et sint voluptatibus qui.',0,1,'2012-06-18 11:19:16','2020-08-27 13:34:18'),(54,54,38,'Sed quidem illum autem dicta. Eligendi cupiditate nemo minima eum. Laudantium deleniti quis culpa nihil quae fugiat sequi. Aut eos quos ipsum quaerat quia et at.',0,1,'2019-05-14 12:51:59','2020-08-27 13:34:18'),(55,28,24,'Aliquid possimus dicta ea sed repudiandae fuga ullam. Fugiat modi ipsum aspernatur numquam aut maxime. Cum ut in dolor deleniti suscipit nulla qui.',0,1,'2017-08-16 19:06:45','2020-08-27 13:34:18'),(56,35,3,'Ut voluptatem ducimus dolor quos provident vel. Voluptas porro a voluptas laboriosam praesentium. Perspiciatis est et dolor magni.',1,0,'2016-08-17 13:02:46','2020-08-27 13:34:18'),(57,11,46,'Quae consequatur commodi cum. Eligendi omnis qui similique. Fugit facilis dolores omnis aperiam. Doloremque dicta veniam et deserunt temporibus.',0,0,'2014-04-11 09:57:59','2020-08-27 13:34:18'),(58,96,39,'Quia consectetur rem excepturi. Possimus rerum quia illum. Nam ratione et enim qui beatae et. Tempore sunt eos eos ea doloremque eos eum reprehenderit.',1,1,'2012-05-13 09:33:49','2020-08-27 13:34:18'),(59,10,32,'Velit optio quia sint eligendi. Et unde aliquam nulla id. Inventore earum quae eius cum voluptate. Aut delectus soluta voluptas fuga suscipit illo dicta.',0,1,'2014-06-19 22:46:49','2020-08-27 13:34:18'),(60,29,49,'Recusandae expedita non quam eum provident neque odit. Autem aut et autem natus reiciendis. Ullam sapiente id facilis suscipit. Eveniet non iusto perferendis voluptas architecto ut qui.',1,1,'2015-08-02 19:37:46','2020-08-27 13:34:18'),(61,58,43,'Et eius eum velit ea ut ratione sed ut. Nihil rem distinctio natus dignissimos sunt. Deleniti doloremque eos aspernatur eum nostrum aliquam est sequi. Eligendi cupiditate quam voluptates et accusantium.',1,0,'2020-04-16 20:51:06','2020-08-27 13:34:18'),(62,38,62,'Similique molestias consequatur consectetur similique asperiores repellendus. Consequatur occaecati molestias dolore reiciendis enim. Debitis consequatur inventore nemo.',0,1,'2018-11-13 11:15:47','2020-08-27 13:34:18'),(63,97,97,'Omnis ex aut non eligendi ducimus. Aut officia quia nihil delectus qui. Quia odit impedit eos temporibus recusandae corporis veniam. Tempora quae eligendi ut amet qui autem.',0,1,'2011-04-17 10:23:25','2020-08-27 13:34:18'),(64,96,85,'Sit consectetur voluptate commodi illum. Enim suscipit laudantium dolorem blanditiis ipsa. Eius nemo voluptas dignissimos eos. Voluptas itaque quod harum exercitationem dolor. Aut sit consequatur est ut sint soluta et sapiente.',0,0,'2017-06-06 14:16:29','2020-08-27 13:34:18'),(65,40,41,'Voluptatem odio et itaque adipisci minus aliquam. Ipsam maiores nisi aperiam rerum. Impedit harum ab eveniet impedit labore ipsum.',0,0,'2017-11-01 01:35:20','2020-08-27 13:34:18'),(66,87,12,'Dolorem deleniti est ut exercitationem cupiditate at dolores. Mollitia autem deserunt unde et voluptatem odit iste. Minus corrupti quae veritatis aut enim iure. Blanditiis numquam molestias soluta. Qui laborum ad neque corporis.',1,1,'2011-12-17 13:10:52','2020-08-27 13:34:18'),(67,98,55,'Neque omnis quae ut voluptas beatae. Quidem deserunt sit harum officiis consequatur ea tempore. Quod eum nobis officiis numquam sunt dolores nesciunt eos. Harum et perferendis consequatur aut. Maxime quia unde nulla enim ut.',0,1,'2017-07-26 01:32:05','2020-08-27 13:34:18'),(68,77,22,'Qui molestiae consequatur tempora nihil quam ut sint. Eius sed tempora quia magni voluptatibus quia amet. Quia quaerat sunt rerum.',1,0,'2014-08-15 17:00:08','2020-08-27 13:34:18'),(69,79,27,'Maxime dicta facere quo. Necessitatibus et est est sunt voluptatibus voluptatem. Deserunt corporis necessitatibus autem itaque.',1,1,'2019-02-11 12:59:18','2020-08-27 13:34:18'),(70,96,1,'Rerum velit voluptatem vero ab nam quis. Dolores facere quis quae est et facilis quia. Magnam corrupti ut omnis ex architecto ea quaerat.',0,1,'2014-01-30 01:21:31','2020-08-27 13:34:18'),(71,16,76,'Sequi est aliquid odio iure tempore accusantium. Nemo nihil explicabo quia id aut aliquam quasi facilis. Velit quia minima blanditiis numquam quasi placeat. Dignissimos eum ducimus velit et libero.',1,1,'2017-04-05 14:42:25','2020-08-27 13:34:18'),(72,31,28,'Minima possimus ut est officiis vel. Dolorum omnis reprehenderit culpa. Iure laborum est a ut et. Aspernatur fuga veniam itaque dolorem. Facilis fugiat corporis blanditiis rerum odit enim eos.',0,1,'2016-01-07 16:43:00','2020-08-27 13:34:18'),(73,48,54,'Accusamus sunt cupiditate et ducimus aliquid distinctio. Molestiae alias fuga officia animi iure sint odio. Ullam non est error officiis occaecati aut. Harum earum dignissimos repellendus dolor non.',0,0,'2018-05-30 01:08:00','2020-08-27 13:34:18'),(74,24,60,'Veniam repellat fugiat asperiores nulla in voluptas. Aut maiores deleniti id rerum quis. Repudiandae ipsa aperiam cumque aut occaecati et. Harum atque consectetur ratione dolor explicabo reprehenderit repudiandae nostrum.',0,1,'2018-03-11 23:35:14','2020-08-27 13:34:18'),(75,28,58,'Et officiis cupiditate non tenetur facilis. Quis velit asperiores deleniti. Similique laborum distinctio aut suscipit quo laudantium voluptas.',1,1,'2016-03-10 06:16:51','2020-08-27 13:34:18'),(76,5,52,'Ipsum labore eaque omnis optio deleniti sunt qui. Omnis ipsa tempore consequuntur quae est recusandae ullam. Reiciendis veritatis adipisci sint quia. Soluta ipsum incidunt quis necessitatibus quis corporis.',0,1,'2014-02-18 16:27:55','2020-08-27 13:34:18'),(77,43,60,'Voluptas sint sapiente id dolores magni totam. Aut accusantium dolores earum rerum dicta. Quas nulla est in mollitia provident. Unde qui assumenda saepe ut.',0,0,'2012-06-10 00:50:11','2020-08-27 13:34:18'),(78,70,71,'Dolorum ad omnis sunt quasi error nisi. Dicta facilis velit soluta aut officiis sequi consequatur. Voluptas dolorem nam soluta ut assumenda quis.',1,0,'2018-12-30 07:54:40','2020-08-27 13:34:18'),(79,45,12,'Provident nemo similique ipsum est. Et suscipit et sit saepe. Ut culpa quo et quos ipsum ullam.',0,1,'2017-01-04 05:52:56','2020-08-27 13:34:18'),(80,25,88,'Sed in dignissimos ea laboriosam doloribus quaerat mollitia molestias. Reprehenderit dolores nihil odio culpa dignissimos voluptatem. Consequatur odit ab nemo. Quis nihil molestias omnis sed.',0,0,'2015-01-29 04:28:12','2020-08-27 13:34:18'),(81,66,63,'Quibusdam sint quae excepturi aut. Explicabo quia rerum consectetur est nisi quisquam sit. Quidem suscipit vitae explicabo est.',0,0,'2014-01-15 21:04:59','2020-08-27 13:34:18'),(82,17,94,'Sit voluptatum magni dignissimos quae possimus deserunt nostrum. Minus provident nihil et in. Inventore iure voluptate sint odit nesciunt. Quisquam soluta voluptatibus quidem et.',0,1,'2019-01-24 11:23:32','2020-08-27 13:34:18'),(83,21,24,'Qui illo placeat voluptatibus ad voluptatem quae commodi. Beatae beatae non quo. Voluptatem alias magnam non enim consequatur ullam laboriosam.',1,0,'2016-10-26 16:59:46','2020-08-27 13:34:18'),(84,53,93,'Repellat perspiciatis laudantium tempore adipisci. Quo quaerat nihil eaque adipisci. Quibusdam voluptas ullam odio est cumque.',1,1,'2016-09-26 02:27:49','2020-08-27 13:34:18'),(85,8,58,'Veritatis qui sunt aperiam. Impedit qui hic in porro vitae recusandae eaque. Consequatur voluptatem ab dolor nisi quisquam praesentium.',1,1,'2013-06-14 22:18:23','2020-08-27 13:34:18'),(86,66,54,'Praesentium voluptas voluptatem hic occaecati architecto qui repellat non. Sed ut et enim ut. Voluptatem voluptates et culpa sint omnis explicabo dignissimos.',0,0,'2016-05-22 03:29:08','2020-08-27 13:34:18'),(87,74,6,'Hic sit facilis odio aliquam maxime nihil omnis. Quibusdam et architecto aut ea. Consectetur ducimus qui qui voluptatem sit voluptatem nemo voluptas. Molestiae quia laboriosam non autem omnis laudantium laborum. Voluptatem nostrum debitis aut et et.',0,1,'2019-07-14 07:52:42','2020-08-27 13:34:18'),(88,9,24,'Tempore rerum sed nemo ea explicabo id. Perspiciatis totam nulla dolor soluta molestiae rerum iure. Enim libero eum quo illum.',1,1,'2015-07-01 14:55:28','2020-08-27 13:34:18'),(89,94,96,'Consectetur molestiae accusamus corporis impedit. Fugiat minima ipsum ipsa sapiente. Praesentium ut rerum dolore eveniet.',1,0,'2014-11-04 22:35:19','2020-08-27 13:34:18'),(90,99,6,'Ut doloremque recusandae aut. Voluptatibus porro mollitia et nihil. Non soluta placeat quo esse.',0,0,'2020-06-27 13:51:06','2020-08-27 13:34:18'),(91,31,37,'Perspiciatis est consectetur nam voluptatem eveniet fugiat optio. Porro nihil quo nostrum quaerat atque. Tempora explicabo mollitia rerum illum nostrum eius. Eum omnis aut aut soluta ad.',0,0,'2017-04-21 09:09:33','2020-08-27 13:34:18'),(92,94,56,'Deserunt exercitationem impedit dolores quia quo. Rem maiores explicabo odio perspiciatis. Nihil explicabo assumenda culpa sunt aliquam.',1,1,'2015-03-22 22:53:57','2020-08-27 13:34:18'),(93,98,24,'Commodi nemo omnis nemo possimus corrupti officiis. Aut necessitatibus exercitationem voluptatibus qui sunt. Tempora ratione quia neque omnis. Corporis nam ab at dicta.',1,1,'2012-01-02 15:19:28','2020-08-27 13:34:18'),(94,22,39,'Maiores voluptas laborum a molestias. Occaecati tempore est in dolor molestiae sed rerum doloremque. Nihil debitis voluptatibus facilis veritatis. Qui facere reprehenderit est quo.',1,0,'2017-04-13 05:02:17','2020-08-27 13:34:18'),(95,30,33,'Voluptas consectetur atque ab rerum qui eum facere numquam. Omnis consequatur provident voluptatem necessitatibus qui. Voluptate ad molestias non minima. Quod iste quis sint illo autem nisi.',0,1,'2015-12-23 23:40:39','2020-08-27 13:34:18'),(96,74,70,'Sequi eveniet adipisci saepe modi veniam. Esse voluptatem nobis debitis illum neque.',0,1,'2011-12-11 00:55:40','2020-08-27 13:34:18'),(97,29,34,'Et sint dolorem fuga qui necessitatibus natus ut magnam. Facere neque eius sed ad ullam rerum autem. Est saepe eveniet quis velit.',0,1,'2015-07-30 00:00:23','2020-08-27 13:34:18'),(98,83,10,'Voluptas quidem nulla quia. Quis nisi minus magnam eum minus necessitatibus rem. Enim doloremque dolore recusandae nemo.',0,1,'2011-05-23 03:52:06','2020-08-27 13:34:18'),(99,4,86,'Rerum sapiente aperiam autem ut. Inventore vel impedit a laboriosam. Doloremque eos et exercitationem.',0,1,'2019-03-15 15:48:06','2020-08-27 13:34:18'),(100,18,33,'Et voluptatibus et cum quae quo ipsa. Sunt ipsa molestiae explicabo quia necessitatibus. Vitae vel id fuga.',0,1,'2012-03-08 13:34:13','2020-08-27 13:34:18');
/*!40000 ALTER TABLE `messages` ENABLE KEYS */;
UNLOCK TABLES;

--
-- Table structure for table `profiles`
--

DROP TABLE IF EXISTS `profiles`;
/*!40101 SET @saved_cs_client     = @@character_set_client */;
/*!50503 SET character_set_client = utf8mb4 */;
CREATE TABLE `profiles` (
  `user_id` int unsigned NOT NULL COMMENT 'Ссылка на пользователя',
  `gender` char(1) CHARACTER SET utf8 COLLATE utf8_unicode_ci NOT NULL COMMENT 'Пол',
  `birthday` date DEFAULT NULL COMMENT 'Дата рождения',
  `city` varchar(130) CHARACTER SET utf8 COLLATE utf8_unicode_ci DEFAULT NULL COMMENT 'Город проживания',
  `country` varchar(130) CHARACTER SET utf8 COLLATE utf8_unicode_ci DEFAULT NULL COMMENT 'Страна проживания',
  `created_at` datetime DEFAULT CURRENT_TIMESTAMP COMMENT 'Время создания строки',
  `updated_at` datetime DEFAULT CURRENT_TIMESTAMP ON UPDATE CURRENT_TIMESTAMP COMMENT 'Время обновления строки',
  PRIMARY KEY (`user_id`)
) ENGINE=InnoDB DEFAULT CHARSET=utf8 COLLATE=utf8_unicode_ci COMMENT='Профили';
/*!40101 SET character_set_client = @saved_cs_client */;

--
-- Dumping data for table `profiles`
--

LOCK TABLES `profiles` WRITE;
/*!40000 ALTER TABLE `profiles` DISABLE KEYS */;
INSERT INTO `profiles` VALUES (1,'m','2012-05-26','Mannfurt','Monaco','2018-02-14 13:15:57','2020-08-27 13:20:19'),(2,'m','1984-03-14','Dominiqueburgh','Canada','2011-06-22 06:45:30','2019-12-22 18:58:06'),(3,'f','2004-06-10','Macieburgh','Somalia','2015-09-13 21:20:42','2020-08-27 13:20:19'),(4,'f','1984-10-13','Gracehaven','Guinea','2010-08-24 14:51:48','2018-04-04 04:01:52'),(5,'f','1971-06-28','Schimmelville','Afghanistan','2015-12-28 18:00:47','2017-02-24 01:45:52'),(6,'f','2012-05-12','Lake Emelymouth','Estonia','2014-09-06 00:05:17','2020-08-27 13:20:19'),(7,'f','2017-06-22','South Gaylebury','United States Minor Outlying Islands','2012-12-21 13:55:27','2013-06-26 11:59:44'),(8,'m','1972-07-12','Anniestad','Qatar','2019-09-21 08:14:04','2020-08-27 13:20:19'),(9,'f','1987-04-29','Port Jarod','Bulgaria','2019-04-24 11:39:06','2019-11-05 16:23:01'),(10,'f','1981-02-22','South Velma','Japan','2013-11-21 00:35:46','2020-08-27 13:20:19'),(11,'m','1993-01-10','Lake Eddborough','India','2013-11-22 03:19:25','2018-09-25 21:32:48'),(12,'f','2011-02-09','New Piperview','Burundi','2016-12-25 16:36:16','2020-08-27 13:20:19'),(13,'m','1984-12-04','Luettgenhaven','Chile','2012-09-06 18:00:55','2016-05-02 10:07:42'),(14,'m','1980-05-15','West Joyfurt','Antarctica (the territory South of 60 deg S)','2010-09-09 16:16:31','2010-11-24 07:55:25'),(15,'f','2002-01-02','West Alessandro','Christmas Island','2018-09-25 02:56:21','2020-08-27 13:20:19'),(16,'m','1984-12-19','Christellefort','Cayman Islands','2019-08-12 12:34:58','2020-07-18 10:09:58'),(17,'m','2014-12-26','Walshbury','Czech Republic','2013-08-04 10:44:00','2019-02-28 08:38:51'),(18,'f','2006-10-12','South Paulinetown','Congo','2019-10-30 00:21:12','2020-08-27 13:20:19'),(19,'m','1972-11-24','Meggieton','Norway','2016-06-16 08:49:51','2020-08-27 13:20:19'),(20,'m','2008-02-23','Port Cristobal','New Zealand','2011-10-24 16:30:03','2020-08-27 13:20:19'),(21,'m','1987-10-23','Port Travisside','Costa Rica','2016-01-23 05:36:40','2020-08-27 13:20:19'),(22,'m','1974-05-20','Tyreekport','French Southern Territories','2018-06-11 15:19:56','2019-01-11 20:40:14'),(23,'f','2013-08-24','Jarodchester','Seychelles','2014-04-16 16:41:34','2015-05-09 19:58:59'),(24,'f','1991-05-13','New Evangelinetown','Cape Verde','2013-12-22 15:40:47','2019-10-30 03:30:41'),(25,'m','2010-11-24','Rylanborough','Angola','2019-12-12 11:00:40','2020-08-27 13:20:19'),(26,'f','1971-07-18','Gerhardfurt','Timor-Leste','2012-12-28 05:39:51','2019-09-10 22:22:44'),(27,'m','1972-04-08','Abshireview','Benin','2012-09-07 20:19:36','2020-08-27 13:20:19'),(28,'f','2017-09-25','South Grover','Serbia','2020-03-11 13:02:45','2020-08-27 13:20:19'),(29,'f','1982-01-23','Schowalterstad','Senegal','2018-07-15 13:16:43','2020-08-27 13:20:19'),(30,'f','1987-04-21','North Emmie','Togo','2015-04-09 17:56:04','2020-08-27 13:20:19'),(31,'m','2015-07-21','O\'Konchester','United States Minor Outlying Islands','2018-10-10 03:20:50','2020-08-27 13:20:19'),(32,'f','2007-10-07','West Blaise','Tajikistan','2015-07-14 11:26:04','2015-12-04 17:21:34'),(33,'m','2018-05-27','South Karianeport','Peru','2018-02-17 23:37:21','2020-08-27 13:20:19'),(34,'m','2019-11-23','Thompsonberg','Spain','2018-02-14 22:02:12','2020-07-25 00:50:08'),(35,'m','1989-12-07','North Enos','Monaco','2018-12-07 07:05:29','2020-08-27 13:20:19'),(36,'m','2019-04-04','South Tyreeshire','Sierra Leone','2013-06-10 21:38:23','2019-09-03 06:11:30'),(37,'m','2008-05-01','Kingfurt','Turkey','2016-05-18 03:28:58','2020-08-27 13:20:19'),(38,'f','1971-02-08','North Lambertstad','Gabon','2014-11-03 18:10:58','2016-03-27 00:41:13'),(39,'f','2013-03-12','Halvorsonbury','Cameroon','2018-10-01 01:15:14','2020-08-27 13:20:19'),(40,'m','1990-11-30','Paytonview','Greenland','2011-11-08 07:07:30','2014-03-14 02:56:50'),(41,'m','1985-01-28','East Huberttown','Mayotte','2014-02-11 07:03:11','2020-08-27 13:20:19'),(42,'f','1996-10-29','East Marianoborough','Andorra','2018-11-03 22:39:09','2020-08-27 13:20:19'),(43,'f','2017-06-14','North Roberto','Hungary','2016-07-28 03:02:42','2020-08-27 13:20:19'),(44,'f','2000-02-29','Lake Colby','Yemen','2020-08-10 09:22:24','2020-08-27 13:20:19'),(45,'f','1974-05-29','Veumstad','Nepal','2015-09-30 11:50:23','2020-08-27 13:20:19'),(46,'m','1992-09-28','New Natalie','Somalia','2010-12-01 11:31:59','2012-12-10 10:02:20'),(47,'m','1986-03-20','Adolfomouth','Kazakhstan','2010-11-28 15:43:34','2017-07-29 00:18:24'),(48,'f','2009-05-29','North Jamarcus','Uganda','2017-02-19 19:00:13','2020-08-27 13:20:19'),(49,'m','1985-12-28','Mathewmouth','Uganda','2016-12-18 10:07:58','2020-08-27 13:20:19'),(50,'m','1981-04-22','Jarvisborough','Niger','2019-06-12 13:56:43','2020-08-27 13:20:19'),(51,'m','2001-12-09','Port Rooseveltfort','Rwanda','2018-07-03 03:38:09','2020-08-27 13:20:19'),(52,'f','1978-07-10','Lake Tyshawn','Palestinian Territory','2018-05-07 03:18:27','2020-08-27 13:20:19'),(53,'m','1986-07-29','Heathcotefurt','Bahrain','2017-02-04 11:45:18','2020-08-27 13:20:19'),(54,'m','2018-02-09','Rodriguezborough','French Southern Territories','2015-02-01 12:26:28','2020-08-27 13:20:19'),(55,'m','1977-03-02','Littlemouth','Finland','2018-04-11 04:59:21','2020-08-27 13:20:19'),(56,'f','1971-05-07','Evertbury','Finland','2014-04-25 13:55:27','2018-02-18 21:40:58'),(57,'f','2020-02-21','Reichertfort','Finland','2017-10-23 19:06:33','2020-08-27 13:20:19'),(58,'f','2000-12-11','Port Reba','Swaziland','2016-03-28 10:33:28','2020-08-27 13:20:19'),(59,'f','1979-10-17','McClureland','Haiti','2018-12-25 08:23:37','2020-08-27 13:20:19'),(60,'m','1991-08-04','Smithborough','Turkey','2016-04-01 00:09:46','2020-08-27 13:20:19'),(61,'f','2005-08-20','Juniusmouth','Isle of Man','2016-12-07 00:31:38','2020-08-27 13:20:19'),(62,'m','1977-08-31','Crooksbury','United Kingdom','2015-02-24 12:07:21','2015-12-09 16:23:15'),(63,'m','1984-08-02','North Neal','Egypt','2020-08-09 13:00:59','2020-08-27 13:20:19'),(64,'m','1990-07-10','Boehmmouth','Chile','2012-01-20 06:09:55','2016-02-02 21:05:31'),(65,'f','1989-04-02','Lorenfurt','Slovakia (Slovak Republic)','2018-12-03 03:08:26','2020-08-27 13:20:19'),(66,'m','1983-11-19','East Isaacmouth','Sri Lanka','2017-08-14 06:09:53','2020-08-27 13:20:19'),(67,'m','1970-03-16','Lake Alysahaven','Tuvalu','2016-11-13 14:18:54','2018-06-22 08:04:35'),(68,'m','2013-09-26','Lake Theodora','Kiribati','2014-08-17 16:20:09','2020-06-22 02:05:44'),(69,'m','1976-07-25','Murrayton','Saint Martin','2013-09-26 17:19:28','2020-08-27 13:20:19'),(70,'f','1970-08-27','New Jovani','Saint Kitts and Nevis','2013-05-22 03:39:44','2020-05-12 13:57:07'),(71,'m','2004-01-24','Coleside','Grenada','2017-03-05 18:42:11','2020-08-27 13:20:19'),(72,'m','2009-05-12','North Kaylin','Azerbaijan','2019-02-09 14:37:28','2020-08-27 13:20:19'),(73,'m','1981-03-25','Ratkefort','Saint Pierre and Miquelon','2015-08-05 03:04:31','2017-06-27 12:50:02'),(74,'m','1985-05-25','South Tina','Morocco','2018-10-13 04:18:20','2020-08-27 13:20:19'),(75,'f','1988-06-28','West Allen','Austria','2012-05-13 20:01:59','2015-07-11 21:31:03'),(76,'m','1987-02-21','New Magnolia','Chad','2013-08-08 09:02:03','2016-02-14 15:39:32'),(77,'f','1972-11-10','Susieton','Sao Tome and Principe','2018-03-23 18:22:00','2019-09-15 11:56:57'),(78,'f','1994-08-23','South Rex','Mayotte','2014-06-03 10:07:05','2015-09-13 09:07:35'),(79,'f','1975-07-31','Milanbury','Northern Mariana Islands','2020-02-02 01:30:33','2020-07-01 06:17:00'),(80,'f','1988-10-25','New Maynardland','Zambia','2015-01-14 16:31:24','2020-08-27 13:20:19'),(81,'f','1983-10-07','Tracyport','Cameroon','2011-08-05 15:28:48','2014-01-12 07:03:39'),(82,'f','2007-02-23','Ceasarton','China','2016-05-07 04:13:47','2020-08-27 13:20:19'),(83,'m','2001-10-01','Kennyview','Iran','2011-10-07 21:01:36','2014-08-05 17:38:53'),(84,'m','1996-04-13','New Savanah','Malaysia','2017-06-02 02:15:14','2019-03-26 14:19:40'),(85,'f','2014-11-30','Lake Clydeburgh','Maldives','2018-02-15 20:40:09','2020-08-27 13:20:19'),(86,'f','2020-08-15','Ankundingmouth','Israel','2016-06-16 00:07:05','2017-05-05 23:21:48'),(87,'f','1999-10-10','Port Velda','Norway','2012-12-31 20:21:22','2014-05-06 14:20:00'),(88,'m','1994-05-08','Ornfurt','Czech Republic','2019-03-12 15:32:32','2020-08-27 13:20:19'),(89,'f','1983-06-26','Lake Skylar','Northern Mariana Islands','2015-03-18 16:10:47','2020-08-27 13:20:19'),(90,'f','1987-02-21','Lake Jimmie','Armenia','2017-08-18 17:47:02','2020-08-27 13:20:19'),(91,'m','2019-01-01','East Keagan','Tunisia','2014-12-04 18:05:58','2020-08-27 13:20:19'),(92,'f','1985-01-12','Sporerside','Armenia','2014-02-07 07:24:34','2020-08-27 13:20:19'),(93,'f','2001-01-05','New Carmelfort','Fiji','2013-10-19 03:56:49','2019-01-12 16:49:06'),(94,'m','1983-03-18','Lake Carmelaville','Western Sahara','2015-10-30 09:33:36','2020-08-27 13:20:19'),(95,'f','1992-04-02','Vedamouth','Colombia','2011-10-29 02:24:31','2020-08-27 13:20:19'),(96,'m','1984-11-28','Lake Dawnfurt','Turkey','2011-01-01 11:46:41','2013-02-12 23:56:47'),(97,'f','1994-03-01','Brownchester','Ghana','2019-10-12 17:43:53','2020-08-27 13:20:19'),(98,'m','2013-10-27','Port Domenick','Bolivia','2013-01-30 04:50:32','2017-01-03 07:59:53'),(99,'f','2015-05-25','Beattyview','French Polynesia','2015-02-08 09:45:11','2020-08-17 20:40:17'),(100,'m','2001-05-25','Carterbury','French Polynesia','2018-06-06 14:52:58','2019-12-25 23:16:48');
/*!40000 ALTER TABLE `profiles` ENABLE KEYS */;
UNLOCK TABLES;

--
-- Table structure for table `users`
--

DROP TABLE IF EXISTS `users`;
/*!40101 SET @saved_cs_client     = @@character_set_client */;
/*!50503 SET character_set_client = utf8mb4 */;
CREATE TABLE `users` (
  `id` int unsigned NOT NULL AUTO_INCREMENT COMMENT 'Идентификатор строки',
  `first_name` varchar(100) CHARACTER SET utf8 COLLATE utf8_unicode_ci NOT NULL COMMENT 'Имя пользователя',
  `last_name` varchar(100) CHARACTER SET utf8 COLLATE utf8_unicode_ci NOT NULL COMMENT 'Фамилия пользователя',
  `email` varchar(100) CHARACTER SET utf8 COLLATE utf8_unicode_ci NOT NULL COMMENT 'Почта',
  `phone` varchar(100) CHARACTER SET utf8 COLLATE utf8_unicode_ci NOT NULL COMMENT 'Телефон',
  `created_at` datetime DEFAULT CURRENT_TIMESTAMP COMMENT 'Время создания строки',
  `updated_at` datetime DEFAULT CURRENT_TIMESTAMP ON UPDATE CURRENT_TIMESTAMP COMMENT 'Время обновления строки',
  PRIMARY KEY (`id`),
  UNIQUE KEY `email` (`email`),
  UNIQUE KEY `phone` (`phone`)
) ENGINE=InnoDB AUTO_INCREMENT=101 DEFAULT CHARSET=utf8 COLLATE=utf8_unicode_ci COMMENT='Пользователи';
/*!40101 SET character_set_client = @saved_cs_client */;

--
-- Dumping data for table `users`
--

LOCK TABLES `users` WRITE;
/*!40000 ALTER TABLE `users` DISABLE KEYS */;
INSERT INTO `users` VALUES (1,'Luisa','Stark','valentine32@example.net','(176)308-1479','2011-04-24 06:12:46','2011-06-17 12:32:14'),(2,'Brandy','Fahey','ellis92@example.org','00796415351','2016-04-28 00:22:47','2019-05-30 17:46:59'),(3,'Demarco','Tremblay','xbayer@example.org','428-419-2119','2020-05-04 16:52:45','2020-08-27 13:18:32'),(4,'Israel','Thiel','nicolas.darwin@example.com','1-450-271-8582','2011-11-26 03:06:59','2012-09-13 17:30:18'),(5,'Vladimir','Erdman','muriel.kuphal@example.org','1-024-788-5766x52009','2019-05-09 10:52:46','2020-08-27 13:18:32'),(6,'Jean','Skiles','berge.jerry@example.com','(988)668-8164','2014-04-28 22:29:49','2020-08-27 13:18:32'),(7,'Sheridan','Schroeder','aiden92@example.com','(427)020-2698x543','2016-03-23 10:14:36','2020-08-27 13:18:32'),(8,'Isaac','Kris','enrico61@example.org','(930)836-5761x557','2014-03-14 05:55:47','2020-08-27 13:18:32'),(9,'Lamar','Keeling','amira.reynolds@example.org','+99(1)3146678414','2012-01-07 11:02:25','2014-05-01 18:50:48'),(10,'Emmett','Schmidt','maya72@example.org','1-648-593-1302','2011-12-02 10:36:11','2014-03-20 06:40:26'),(11,'Schuyler','Baumbach','nkeebler@example.com','876-344-0051x078','2013-02-28 19:37:37','2019-07-27 17:40:16'),(12,'Ivah','Blanda','jo.fadel@example.net','1-663-679-5756x02940','2014-08-16 14:51:58','2018-07-04 22:29:25'),(13,'Efrain','Kirlin','neil89@example.org','(696)832-4126x78628','2020-01-22 23:33:33','2020-08-27 13:18:32'),(14,'Ansel','Gislason','hodkiewicz.piper@example.net','(924)627-5372x190','2016-09-16 22:08:11','2020-08-27 13:18:32'),(15,'Layne','Koss','hmohr@example.com','1-755-857-9711x01298','2017-02-07 16:02:12','2019-06-12 07:57:31'),(16,'Bryana','Bergnaum','jones.jamal@example.org','1-020-868-5899','2019-09-27 11:10:49','2020-08-27 13:18:32'),(17,'Karlie','Turcotte','rroberts@example.org','(889)453-2474x42421','2011-10-31 21:34:17','2019-07-28 22:33:37'),(18,'Ralph','O\'Reilly','davonte.bernhard@example.org','708-551-6655x6459','2011-12-18 14:02:43','2012-10-22 15:34:14'),(19,'Katheryn','Tillman','ari01@example.net','1-932-253-8993x89237','2014-02-19 09:46:09','2015-12-07 21:48:15'),(20,'Isaac','Considine','tabitha.hoeger@example.com','1-024-062-8861x1222','2014-07-23 11:37:59','2019-01-15 02:04:29'),(21,'Abigayle','Muller','nienow.vena@example.com','(895)469-3247x56710','2012-03-25 07:31:39','2014-04-12 19:48:32'),(22,'Salvador','Casper','marquardt.amaya@example.com','501.999.3979','2017-07-16 21:43:25','2020-08-27 13:18:32'),(23,'Guadalupe','Wisoky','maryam.mills@example.net','(411)114-3393x220','2013-10-01 12:01:56','2020-08-27 13:18:32'),(24,'Gia','Christiansen','herman.bethel@example.org','(310)405-3194x69260','2013-09-06 11:08:51','2017-07-23 05:40:24'),(25,'Carlee','Hudson','little.clinton@example.com','+41(9)9373445681','2011-09-22 09:47:53','2017-10-19 21:34:29'),(26,'Edyth','Strosin','wanda78@example.net','1-077-526-2239x574','2019-06-12 16:10:15','2020-08-27 13:18:32'),(27,'Vladimir','Lindgren','mccullough.neil@example.net','(765)519-2000x8470','2011-04-24 23:31:55','2020-08-27 13:18:32'),(28,'Jakob','Paucek','stoltenberg.ole@example.com','(829)445-6781','2013-02-13 23:43:27','2013-05-16 07:21:24'),(29,'Elijah','Hickle','vito.ziemann@example.org','1-115-910-9915','2013-05-11 06:23:21','2020-08-27 13:18:32'),(30,'Katelyn','Bins','daniella57@example.com','610.852.5234x23434','2018-09-08 23:54:16','2020-08-27 13:18:32'),(31,'Genevieve','Stroman','toby.padberg@example.com','310-918-5373','2011-03-11 20:12:04','2014-12-26 02:24:25'),(32,'Savanna','Paucek','kreiger.eda@example.net','1-202-594-9757x6659','2018-06-21 11:28:55','2020-08-27 13:18:32'),(33,'Sadie','Nikolaus','yasmeen.dubuque@example.com','815-111-6511x9440','2019-06-16 16:39:24','2020-08-27 13:18:32'),(34,'Darrell','Runolfsdottir','stacey.schuppe@example.net','665.542.3172','2012-11-10 03:43:33','2015-06-03 18:41:10'),(35,'Laverna','Goodwin','margarett.reynolds@example.org','472-367-9305x73119','2012-05-14 08:39:34','2020-08-27 13:18:32'),(36,'Chris','Stoltenberg','rashad54@example.net','02268230511','2017-07-22 15:18:32','2020-08-27 13:18:32'),(37,'Hildegard','Grant','pearl.bahringer@example.com','653-744-9089','2012-12-18 15:57:48','2020-08-27 13:18:32'),(38,'Alayna','Lindgren','fermin01@example.org','+58(8)7271195764','2016-06-19 15:25:01','2017-03-20 16:14:20'),(39,'Maud','Lockman','godfrey44@example.org','(381)931-3749x944','2011-09-11 17:08:02','2020-08-27 13:18:32'),(40,'Anastacio','Shields','krippin@example.org','746-247-1434','2017-08-07 07:19:38','2020-08-27 13:18:32'),(41,'Baylee','Kertzmann','cgreenholt@example.com','437.367.8187','2013-03-07 16:23:31','2017-07-20 06:45:52'),(42,'Luz','Thompson','lang.burdette@example.com','969-938-6842','2018-10-25 05:09:56','2019-09-14 01:59:33'),(43,'Crystal','Wyman','crist.daphney@example.org','434.828.1945','2016-06-02 08:51:04','2020-08-27 13:18:32'),(44,'Magdalena','Lynch','o\'keefe.brayan@example.net','04093359671','2018-08-21 13:28:52','2020-08-27 13:18:32'),(45,'Amaya','O\'Keefe','ramiro43@example.com','939.377.3920x07382','2015-08-04 03:20:15','2020-08-27 13:18:32'),(46,'Clara','Welch','hoeger.remington@example.org','00671534014','2017-08-22 18:28:13','2020-08-27 13:18:32'),(47,'Hortense','Hudson','tierra.pouros@example.net','492-540-9458x038','2016-05-12 01:27:07','2019-09-07 02:30:02'),(48,'Gregorio','Abshire','tcrooks@example.net','1-544-372-6883','2015-06-24 10:52:34','2020-04-11 10:10:28'),(49,'Cassie','Pacocha','shields.eliezer@example.org','(756)490-6040','2015-11-12 01:35:54','2020-08-27 13:18:32'),(50,'Reece','Murphy','nayeli.terry@example.net','345-416-7637','2012-04-06 20:33:54','2014-04-28 09:12:57'),(51,'Katlynn','Torphy','victor27@example.com','442-797-3584','2013-11-19 18:01:13','2016-12-04 10:05:41'),(52,'Ethelyn','Hammes','cmcclure@example.com','(898)756-5011x324','2017-03-05 18:03:11','2020-08-27 13:18:32'),(53,'Louvenia','Breitenberg','tframi@example.org','908.931.2321','2020-05-08 23:49:35','2020-08-27 13:18:32'),(54,'Mayra','Corkery','pwest@example.com','1-193-819-9826x93315','2018-09-23 16:55:39','2020-08-27 13:18:32'),(55,'Winifred','Skiles','smith.roslyn@example.org','(583)046-4172x193','2020-06-20 20:05:22','2020-08-27 13:18:32'),(56,'Gertrude','Weber','pmcglynn@example.net','(400)017-6498','2016-10-15 13:57:52','2020-08-27 13:18:32'),(57,'Daphnee','Doyle','christian.hickle@example.com','316-742-5948x0955','2014-01-19 11:27:54','2014-03-17 12:06:27'),(58,'Della','Nitzsche','bokuneva@example.org','(565)225-5866','2010-09-07 18:41:15','2014-01-22 21:33:59'),(59,'Hermann','Grimes','willms.sigmund@example.org','232.989.4854','2013-10-03 12:43:06','2018-01-30 06:53:44'),(60,'Athena','Champlin','upacocha@example.org','1-651-078-0025x7095','2020-03-21 10:49:10','2020-08-27 13:18:32'),(61,'Idella','Jakubowski','royal21@example.net','353-229-2693','2016-09-07 08:13:22','2019-08-06 20:37:27'),(62,'Clarabelle','Williamson','asia27@example.com','282.402.6497x5013','2014-11-03 11:56:36','2017-07-24 20:47:05'),(63,'Will','Bashirian','koby75@example.net','817-611-6605','2012-08-25 12:48:00','2015-11-28 21:53:42'),(64,'Hardy','Christiansen','heidenreich.timmothy@example.com','659.509.8637','2012-12-09 16:23:34','2020-08-27 13:18:32'),(65,'Danial','Kuphal','heidi96@example.org','1-991-798-0816x407','2010-12-09 10:09:57','2013-10-10 01:15:24'),(66,'Giovanna','Jaskolski','michael76@example.net','813.043.8242','2015-05-30 21:34:19','2020-08-27 13:18:32'),(67,'Rod','Wehner','jerel.renner@example.org','803-921-9374x71217','2011-01-15 06:34:25','2012-05-26 21:28:58'),(68,'Carlotta','Schimmel','nigel75@example.org','01169049629','2020-06-14 18:52:05','2020-08-27 13:18:32'),(69,'Lavern','Schoen','rterry@example.com','(560)927-7887x7097','2015-04-01 09:44:18','2020-08-27 13:18:32'),(70,'Phoebe','Kuhlman','kamron40@example.org','036.908.5457','2020-01-02 09:46:12','2020-08-27 13:18:32'),(71,'Melyna','Lueilwitz','gleason.claudie@example.net','(677)073-4037x306','2011-02-11 08:05:11','2019-06-24 15:26:29'),(72,'Cecile','Lind','okuneva.aaron@example.net','(827)499-2804x6577','2012-10-31 18:31:58','2014-01-13 09:25:04'),(73,'Antwon','Luettgen','jstanton@example.org','977-577-4319x152','2013-09-23 21:51:21','2015-01-11 07:06:18'),(74,'Roxanne','Stokes','bobby52@example.org','+88(7)0867513560','2013-03-17 11:46:32','2017-05-07 01:11:32'),(75,'Rod','Herzog','murphy.alda@example.org','(567)907-1939x76138','2017-04-21 18:22:44','2020-08-27 13:18:32'),(76,'Della','Schulist','abshire.autumn@example.net','+76(0)1074979102','2014-04-17 17:19:03','2015-06-07 17:56:12'),(77,'Victor','McKenzie','elise01@example.com','172.443.9015','2012-01-27 11:43:47','2020-08-27 13:18:32'),(78,'Jamar','Gerhold','novella.stoltenberg@example.net','242.452.9645x45670','2020-06-28 20:12:02','2020-08-27 13:18:32'),(79,'Gunner','Ernser','renner.mikel@example.org','1-042-078-2251x65043','2012-01-09 00:49:50','2015-12-21 06:45:20'),(80,'Jaydon','Ledner','lsmitham@example.com','+33(6)7176487631','2012-10-27 10:30:13','2020-03-24 09:00:57'),(81,'Hilton','Lubowitz','chelsea.koepp@example.org','(367)516-7941x775','2018-02-21 22:34:29','2020-08-27 13:18:32'),(82,'Ayla','Monahan','raina34@example.net','1-905-419-0585','2015-11-12 16:44:25','2017-06-14 16:47:56'),(83,'Matt','Klocko','abigayle29@example.com','1-879-084-9740','2014-06-20 07:39:17','2014-08-08 09:35:32'),(84,'Selmer','Labadie','rath.davion@example.com','+47(3)5265957472','2011-10-26 07:54:49','2014-12-12 11:55:52'),(85,'Cassandre','Keeling','monica.kuphal@example.net','726.390.0053x9527','2014-09-11 03:17:30','2014-12-12 00:52:47'),(86,'Koby','Farrell','vandervort.noemie@example.net','(350)777-2889x9457','2013-04-24 08:12:19','2020-08-27 13:18:32'),(87,'Annabelle','Fadel','amari.upton@example.net','(724)788-9819x98828','2012-08-17 06:44:53','2016-04-05 15:46:28'),(88,'Samir','Abbott','qswaniawski@example.org','155.163.3926x568','2011-07-19 05:14:52','2020-07-16 11:28:23'),(89,'Amir','Hoeger','nbartell@example.net','079.126.8585x81526','2014-11-15 05:15:39','2015-06-21 01:06:19'),(90,'Estel','Kovacek','hilll.wallace@example.org','147-287-6533x7034','2012-11-11 20:15:50','2020-08-27 13:18:32'),(91,'Rachelle','Hoeger','feest.reymundo@example.com','(219)652-3359x368','2013-10-14 15:11:31','2020-08-27 13:18:32'),(92,'Daryl','Hilpert','zfay@example.net','984-027-1402','2019-03-05 05:05:29','2020-08-27 13:18:32'),(93,'Jake','Mraz','ereichel@example.net','(734)283-9104x66407','2017-06-27 02:54:17','2020-08-27 13:18:32'),(94,'Monserrat','Turner','runolfsson.raphael@example.com','+43(7)1552948399','2016-08-18 06:19:07','2020-01-06 02:34:05'),(95,'Lavonne','Hegmann','kenyatta85@example.com','520-318-2725','2020-03-26 01:13:40','2020-08-27 13:18:32'),(96,'Deborah','Funk','gusikowski.filiberto@example.org','905-760-0951','2015-09-04 06:40:57','2019-09-07 19:44:41'),(97,'Elliot','Towne','umcclure@example.com','851.073.9460x99443','2012-09-02 10:54:38','2013-04-17 07:05:32'),(98,'Thea','Gusikowski','blanda.autumn@example.net','(457)400-9046x04844','2015-11-17 10:39:56','2020-08-27 13:18:32'),(99,'Keara','Kautzer','rcarroll@example.org','684.453.1011','2014-02-26 07:10:44','2020-08-27 13:18:32'),(100,'Erik','Stark','macie.buckridge@example.net','784.739.0371x737','2018-01-05 05:45:00','2020-08-27 13:18:32');
/*!40000 ALTER TABLE `users` ENABLE KEYS */;
UNLOCK TABLES;
/*!40103 SET TIME_ZONE=@OLD_TIME_ZONE */;

/*!40101 SET SQL_MODE=@OLD_SQL_MODE */;
/*!40014 SET FOREIGN_KEY_CHECKS=@OLD_FOREIGN_KEY_CHECKS */;
/*!40014 SET UNIQUE_CHECKS=@OLD_UNIQUE_CHECKS */;
/*!40101 SET CHARACTER_SET_CLIENT=@OLD_CHARACTER_SET_CLIENT */;
/*!40101 SET CHARACTER_SET_RESULTS=@OLD_CHARACTER_SET_RESULTS */;
/*!40101 SET COLLATION_CONNECTION=@OLD_COLLATION_CONNECTION */;
/*!40111 SET SQL_NOTES=@OLD_SQL_NOTES */;

-- Dump completed on 2020-08-27 15:05:35
